id,Defendant,Name,Date of dispute initiation,Litigant (s),Industry,Litigant Developing Country or not (Dummy),Defendant developing (dummy),Compliance,ComplyTimeV2,"ComplyTime (Time it takes to comply, in months)",ComplyTime2 - days until compliance,Polity IV Score of the defendant,Polity IV Score of the Litigant (for the year of initiation),"Agriculture (dummy, 1=agriculture)","EU dummy (1=EU, 0=Non-EU)","USA dummy (1=USA, 0=non-USA)",Export shares (as percentage) of the defendant to the complainant,Issue complexity dummy (1=simple 0=complex),Defendant GDP,GDP of the Complainant ,LogGDP defendant,LogGDP complainant,Power preponderance (difference in LogGDP),Targeted Sector's Total Output,Sector intermediate Imports,Intermediate Import dependence of the targeted industry,Sector total imports,Import-dependence of the sector,Foreign value added in sector's exports,Sector's Value added,Value added as a percentage of GDP,Total Outward FDI Stock of the Defendant *EU in Billions of EUR,FDI stock present in Complainant's Economy,Total FDI stocks share,Veto Players (POLCON V)
DS 7,EU,Scallops,1995/5,Canada,Food Beverages and Tobacco,0,0,1,0,0,0,10,10,0,1,0,1.946379938,0,9235880.3,602003.37,6.97,5.78,-1.19,774646.28,10449.61,1.349,28778.8,3.715,23.028,185214.37,2.005,472,17,3.601694915,0.867284074
DS 12 (7),EU,Scallops,1995/7,Peru,Food Beverages and Tobacco,1,0,1,0,0,0,10,1,0,1,0,0.180225809,0,9235880.3,53666.28,6.97,4.73,-2.24,774646.28,10449.61,1.349,28778.8,3.715,23.028,185214.37,2.005,472,4,0.847457627,0.867284074
DS 14 (7),EU,Scallops,1995/7,Chile,Food Beverages and Tobacco,1,0,1,0,0,0,10,8,0,1,0,0.446891421,0,9235880.3,74159.57,6.97,4.87,-2.1,774646.28,10449.61,1.349,28778.8,3.715,23.028,185214.37,2.005,472,2.39,0.506991525,0.867284074
DS 26,EU,Hormones and Meat Products,1996/1,USA,Agriculture ,0,0,1,141,136,4136,10,10,1,1,0,19.78785601,0,9426366.47,8148387,6.97,6.91,-0.06,396111.842,18304.674,4.621,26473.234,6.683,16.044,210951.452,2.238,543,233,42.90976059,0.867284074
DS 27 ,EU,Bananas Regime,1996/2,Ecuador,Agriculture,1,0,1,153,149,4480,10,9,1,1,0,0.094347856,0,9426366.47,23926.78,6.97,4.38,-2.6,396111.842,18304.674,4.621,26473.234,6.683,16.044,210951.452,2.238,543,8.82,1.624309392,0.867284074
DS 27 ,EU,Bananas Regime,1996/2,Guatemala,Agriculture,1,0,1,153,149,4480,10,8,1,1,0,0.055873486,0,9426366.47,14070.11,6.97,4.15,-2.83,396111.842,18304.674,4.621,26473.234,6.683,16.044,210951.452,2.238,543,8.82,1.624309392,0.867284074
DS 27 ,EU,Bananas Regime,1996/2,Honduras,Agriculture,1,0,1,153,149,4480,10,6,1,1,0,0.024775844,0,9426366.47,4867.94,6.97,3.69,-3.29,396111.842,18304.674,4.621,26473.234,6.683,16.044,210951.452,2.238,543,8.82,1.624309392,0.867284074
DS 27 ,EU,Bananas Regime,1996/2,Mexico,Agriculture,1,0,1,153,149,4480,10,4,1,1,0,0.862132432,0,9426366.47,397401.61,6.97,5.6,-1.38,396111.842,18304.674,4.621,26473.234,6.683,16.044,210951.452,2.238,543,4.84,0.891528545,0.867284074
DS 27 ,EU,Bananas Regime,1996/2,USA,Agriculture,0,0,1,153,149,4480,10,10,1,1,0,19.78785601,0,9426366.47,8148387,6.97,6.91,-0.06,396111.842,18304.674,4.621,26473.234,6.683,16.044,210951.452,2.238,543,233,42.90976059,0.867284074
DS 48 (26),EU,Hormones and Meat Products,1996/7,Canada,Agriculture,0,0,1,141,136,4136,10,10,1,1,0,1.818634833,0,9426366.47,626965.06,6.97,5.8,-1.18,396111.842,18304.674,4.621,26473.234,6.683,16.044,210951.452,2.238,543,19,3.49907919,0.867284074
DS 72,EU,Butter,1997/3,New Zealand,Food Beverages and Tobacco,0,0,1,0,0,0,10,10,0,1,0,0.294893894,0,8885905.78,68639.99,6.95,4.84,-2.11,708433.048,10713.246,1.512,30045.16,4.241,24.086,172557.346,1.942,667,5.71,0.856521739,0.867284074
DS 105 (27),EU,Bananas Regime,1997/10,Panama,Agriculture,1,0,1,153,149,4480,10,9,1,1,0,0.171890126,0,8885905.78,10084,6.95,4,-2.95,374957.294,16960.488,4.523,24740.708,6.598,16.598,198821.064,2.237,667,8.82,1.322338831,0.867284074
DS 141,EU,Imports of Bed Linen,1998/8,India,Textiles and Textile products,1,0,1,38,33,1022,10,9,0,1,0,1.370211697,0,9194547.94,425273.66,6.96,5.63,-1.33,260100.168,10757.12,4.136,38299.806,14.725,30.038,85691.57,0.932,825,5.86,0.710060606,0.867284074
DS 174,EU,Trademarks and Geographical Indications,1999/6,USA,Food Beverages and Tobacco,0,0,1,12,12,371,10,10,0,1,0,26.69786868,0,9190446.67,9727402,6.96,6.99,0.02,642219.816,10976.882,1.709,31311.52,4.876,25.144,159900.322,1.74,1187,622,52.40101095,0.865979
DS 219,EU,Iron Tube or Pipe Fittings,2000/12,Brazil,Basic Metals and Fabricated Metal,1,0,1,12,8,231,10,8,0,1,0,1.859005528,0,8519811.17,644728.92,6.93,5.81,-1.12,526258.34,38077.32,7.235,41434.78,7.873,36.695,187509.49,2.201,1549,73.4,4.738540994,0.865979
 DS 231,EU,Sardines,2001/3,Peru,Food Beverages and Tobacco,1,0,1,14,10,302,10,9,0,1,0,0.113349652,0,8619346.46,53955.44,6.94,4.73,-2.2,667889.908,12182.246,1.824,35075.236,5.252,25.8,169028.826,1.961,2017,7,0.347050074,0.865979
DS 265 (283),EU,Export Subsidies on Sugar,2002/9,Australia,Food Beverages and Tobacco,0,0,1,19,13,387,10,10,0,1,0,1.877299612,1,9400881.33,435158.27,6.97,5.64,-1.33,726666.616,13255.792,1.824,38205.772,5.258,25.927,184485.842,1.962,1905,49,2.572178478,0.865979
DS 266 (283),EU,Export Subsidies on Sugar,2002/9,Brazil,Food Beverages and Tobacco,1,0,1,19,13,387,10,8,0,1,0,1.70406661,1,9400881.33,506040.51,6.97,5.7,-1.27,726666.616,13255.792,1.824,38205.772,5.258,25.927,184485.842,1.962,1905,44.3,2.325459318,0.865979
DS 269,EU,Customs Classificaiton of Chicken Cuts,2002/10,Brazil,Food Beverages and Tobacco,1,0,1,14,10,289,10,8,0,1,0,1.70406661,0,9400881.33,506040.51,6.97,5.7,-1.27,726666.616,13255.792,1.824,38205.772,5.258,25.927,184485.842,1.962,1905,44.3,2.325459318,0.865979
DS 283,EU,Export Subsidies on Sugar,2003/3,Thailand,Food Beverages and Tobacco,1,0,1,19,13,387,10,9,0,1,0,0.713411463,1,11461415.22,151997.91,7.06,5.18,-1.88,785443.324,14329.338,1.824,41336.308,5.263,26.053,199942.858,1.744,2011,7.45,0.370611636,0.865979
DS 286 (269),EU,Customs Classification of Chicken Cuts,2003/3,Thailand,Food Beverages and Tobacco,1,0,1,14,10,289,10,9,0,1,0,0.713411463,0,11461415.22,151997.91,7.06,5.18,-1.88,785443.324,14329.338,1.824,41336.308,5.263,26.053,199942.858,1.744,2011,7.45,0.370611636,0.865979
DS 290 (174),EU,Trademarks and Geographical Indications,2003/4,Australia,Food Beverages and Tobacco,0,0,1,12,12,371,10,10,0,1,0,1.998198386,0,11461415.22,557511.58,7.06,5.75,-1.31,785443.324,14329.338,1.824,41336.308,5.263,26.053,199942.858,1.744,2011,55,2.734957732,0.865979
DS 291 (293),EU,Approval and Marketing of Biotech Products,2003/5,USA,Agriculture,0,0,1,42,42,1267,10,10,1,1,0,26.23097064,0,11461415.22,11592522.3,7.06,7.06,0,371680.574,13623.06,3.665,21487.388,5.781,19.867,185468.394,1.618,2011,748,37.19542516,0.865979
DS 292 (293),EU,Approval and Marketing of Biotech Products,2003/5,Canada,Agriculture,0,0,1,42,42,1267,10,10,1,1,0,2.399800077,0,11461415.22,887782.39,7.06,5.95,-1.11,371680.574,13623.06,3.665,21487.388,5.781,19.867,185468.394,1.618,2011,81,4.027846842,0.865979
DS 293,EU,Approval and Marketing of Biotech Products,2003/5,Argentina,Agriculture,1,0,1,42,42,1267,10,8,1,1,0,0.316052277,0,11461415.22,129595.8,7.06,5.11,-1.95,371680.574,13623.06,3.665,21487.388,5.781,19.867,185468.394,1.618,2011,30.6,1.521581303,0.865979
DS 299,EU,Countervailing Measures on DRAM Chips,2003/7,Korea,Electrical and Optical Equipment,1,0,1,10,10,297,10,8,0,1,0,1.850648473,0,11461415.22,643760.14,7.06,5.81,-1.25,627709.53,74990.58,11.947,142193.34,22.653,35.793,213228.682,1.86,2011,16,0.795624068,0.865979
DS 301,EU,Commercial Vessels,2003/9,Korea,Transport Equipment,1,0,1,0,0,0,10,8,0,1,0,1.850648473,1,11461415.22,643760.14,7.06,5.81,-1.25,175540.194,21380.718,12.18,43889.694,25.003,35.537,48551.138,0.424,2011,16,0.795624068,0.865979
DS 337,EU,Anti Dumping Measures of Salmon,2006/3,Norway,Agriculture,0,0,1,12,8,244,10,10,1,1,0,3.244324888,0,14763076.51,340041.74,7.17,5.53,-1.64,1223281.383,18110.57333,1.48,31654.62,2.588,22.428,583733.533,3.954,2319,41.5,1.789564467,0.83060243
DS 375,EU,Tariffs on IT Products,2008/5,USA,Electrical and Optical Equipment ,0,0,1,10,10,312,10,10,0,1,0,18.87748558,1,18379359.97,14816685.6,7.26,7.17,-0.09,2647368.91,126575.98,4.781,229780.58,8.68,40.419,825135.2,4.489,3319,1079.2,32.51581802,0.83060243
DS 376 (375),EU,Tariffs on IT Products,2008/5,Japan,Electrical and Optical Equipment ,0,0,1,10,10,312,10,10,0,1,0,3.121360335,1,18379359.97,4849184.92,7.26,6.69,-0.58,2647368.91,126575.98,4.781,229780.58,8.68,40.419,825135.2,4.489,3319,79.5,2.395299789,0.83060243
DS 377 (375),EU,Tariffs on IT Products(Chinese Taipei),2008/6,Taiwan,Electrical and Optical Equipment ,1,0,1,10,10,312,10,10,0,1,0,0.9,1,18379359.97,400205.6,7.26,5.6,-1.66,2647368.91,126575.98,4.781,229780.58,8.68,40.419,825135.2,4.489,3321,10.6,0.31918097,0.83060243
DS 397,EU,AD Measures on Fasteners,2009/7,China,Basic Metals and Fabricated Metal,1,0,0,71,64,1713,10,-7,0,1,0,7.473317262,0,16416275.68,5105458.33,7.22,6.71,-0.51,2368734.71,73227.58,3.091,85662.04,3.616,37.341,736939.08,4.489,3662,154.1,4.208083015,0.827242459
DS400,EU,Measures on the Importation and Marketing of Seal products,2009/11,Canada,Agriculture,0,0,1,22,16,504,10,10,1,1,0,1.563434539,0,16416275.68,1370839.15,7.22,6.14,-1.08,1275401.1,23761.82,1.863,42114.16,3.302,23.514,564792.36,3.44,3662,160.4,4.380120153,0.827242459
DS402,EU,Measures on the Importation and Marketing of seal products,2009/11,Norway,Agriculture,0,0,1,22,16,504,10,10,1,1,0,2.647173061,0,16416275.68,378849.19,7.22,5.58,-1.64,1275401.1,23761.82,1.863,42114.16,3.302,23.514,564792.36,3.44,3662,68,1.856908793,0.827242459
DS 405,EU,AD Measures on Footwear,2010/2,China,"Leather, Leather and Footwear",1,0,1,8,8,230,10,-7,0,1,0,8.423866452,0,16347329.35,5949785.72,7.21,6.77,-0.44,605788.15,23940.6,3.952,101442.12,16.745,31.654,194194.65,1.188,4152,193.2,4.653179191,0.827242459
DS 2,USA,Standards for Reformulated and Conventional Gasoline,1995/1,Venezuela,Refined petroleum,1,0,1,19,16,486,10,8,0,0,1,0.799193023,0,7709341,74888.88,6.89,4.87,-2.01,"139,949","7,227",5.164,12284.89,8.778,23.7,29045.49,0.377,699015,3634,0.519874395,0.852400005
DS 4,USA,Standards for Reformulated and Conventional Gasoline,1995/1,Brazil,Refined petroleum,1,0,1,19,16,486,10,8,0,0,1,1.976528527,0,7709341,768951.33,6.89,5.89,-1,"139,949","7,227",5.164,12284.89,8.778,23.7,29045.49,0.377,699015,25002,3.57674728,0.852400005
DS 24,USA,Restrictions on Imports of Cotton and Man-Made Fibre Underwear,1995/12,Costa Rica,Textiles and Textile products,1,0,1,4,1,45,10,10,0,0,1,0.289968664,1,7709341,11715.89,6.89,4.07,-2.82,"154,251","14,779",9.581,47025.47,30.486,14.94,49595.56,0.643,699015,-99,-99,0.852400005
DS 33,USA,Measures Affecting Imports of Woven Wool Shirts and Blouses from India,1996/3,India,Textiles and Textile products,1,0,1,0,0,0,10,9,0,0,1,0.53565913,1,8148387,389168.85,6.91,5.59,-1.32,"152,487","15,953",10.462,52397.798,34.362,15.506,49083.926,0.602,795195,1344,0.169015147,0.852400005
DS 58,USA,Import Prohibition of Certain Shrimp and Shrimp Products ,1996/10,India,Agriculture,1,0,1,20,15,457,10,9,1,0,1,0.53565913,0,8148387,389168.85,6.91,5.59,-1.32,"221,512","10,070",4.546,12870.41,5.81,7.996,87034.308,1.068,795195,1344,0.169015147,0.852400005
DS 58,USA,Import Prohibition of Certain Shrimp and Shrimp Products ,1996/10,Malaysia,Agriculture,1,0,1,20,15,457,10,3,1,0,1,1.391244488,0,8148387,108960.35,6.91,5.04,-1.87,"221,512","10,070",4.546,12870.41,5.81,7.996,87034.308,1.068,795195,5663,0.712152365,0.852400005
DS 58,USA,Import Prohibition of Certain Shrimp and Shrimp Products ,1996/10,Pakistan,Agriculture,1,0,1,20,15,457,10,8,1,0,1,0.20973671,0,8148387,76999.76,6.91,4.89,-2.02,"221,512","10,070",4.546,12870.41,5.81,7.996,87034.308,1.068,795195,497,0.062500393,0.852400005
DS 58,USA,Import Prohibition of Certain Shrimp and Shrimp Products ,1996/10,Thailand,Agriculture,1,0,1,20,15,457,10,9,1,0,1,1.173037949,0,8148387,182738.23,6.91,5.26,-1.65,"221,512","10,070",4.546,12870.41,5.81,7.996,87034.308,1.068,795195,5000,0.628776589,0.852400005
DS 99,USA,Anti-Dumping Duty on Dynamic Random Access Memory Semiconductors (DRAMS) of One Megabit or Above from Korea,1997/8,"Korea, Republic of",Electrical and Optical Equipment,1,0,1,21,21,615,10,6,0,0,1,3.720486239,0,8662586,532239.43,6.94,5.73,-1.21,"503,193","124,005",24.644,196736.364,39.098,20.488,182972.252,2.112,871316,6467,0.742210633,0.852400005
DS 138,USA,Imposition of Countervailing Duties on Certain Hot-Rolled Lead and Bismuth Carbon Steel Products Originating in the United Kingdom,1998/6,EC,Basic Metals and Fabricated Metal,0,0,1,3,0,0,10,10,0,0,1,22.60673247,0,9146941,9194547.94,6.96,6.96,0,"381,178","53,047",13.917,56184.904,14.74,15.242,150413.38,1.644,1000703,462584,46.22590319,0.852400005
DS 160,USA,Section 110(5) of US Copyright Act,1999/1,EC,"Pulp, paper, and paper publishing",0,0,1,36,36,44,10,10,0,0,1,22.48279614,0,9727402,9190446.67,6.99,6.96,-0.02,"474,841","15,950",3.359,22826.68,4.807,8.868,184631.488,1.898,1215960,564037,46.38614757,0.852400005
DS 166,USA,Definitive Safeguard Measures on Imports of Wheat Gluten from the European Communities,1999/3,EC,Agriculture,0,0,1,10,5,162,10,10,1,0,1,22.48279614,1,9727402,9190446.67,6.99,6.96,-0.02,"229,362","10,631",4.635,13915.49,6.067,8.584,90171.912,0.927,1215960,564037,46.38614757,0.852400005
DS 176,USA,Section 211 Omnibus Appropriations Act of 1998,1999/7,EC,Food Beverages and Tobacco,0,0,0,183,178,5193,10,10,0,0,1,22.48279614,0,9727402,9190446.67,6.99,6.96,-0.02,"510,857","9,111",1.784,29836.044,5.84,9.292,151304.618,1.555,1215960,564037,46.38614757,0.852400005
DS 177,USA,"Safeguard Measure on Imports of Fresh, Chilled or Frozen Lamb from New Zealand",1999/7,New Zealand,Agriculture,0,0,1,11,6,197,10,10,1,0,1,0.264260334,1,9727402,59288.6,6.99,4.77,-2.22,"229,362","10,631",4.635,13915.49,6.067,8.584,90171.912,0.927,1215960,4852,0.399026284,0.852400005
DS 178,USA,"Safeguard Measure on Imports of Fresh, Chilled or Frozen Lamb from Australia",1999/7,Australia,Agriculture,0,0,1,11,6,197,10,10,1,0,1,1.677511134,1,9727402,427134.42,6.99,5.63,-1.36,"229,362","10,631",4.635,13915.49,6.067,8.584,90171.912,0.927,1215960,35386,2.910128623,0.852400005
DS 179,USA,Anti-Dumping measures on Stainless Steel Plate in Coils and Stainless Steel Sheet and Strip from Korea,1999/7,"Korea, Republic of",Basic Metals and Fabricated Metal,1,0,1,8,8,250,10,8,0,0,1,3.375542399,0,9727402,461807.96,6.99,5.66,-1.32,"390,093","56,278",14.427,59838.342,15.34,15.076,154857.35,1.592,1215960,7474,0.614658377,0.852400005
DS 184,USA,Anti-Dumping Measures on Certain Hot-Rolled Steel Products from Japan,1999/11,Japan,Basic Metals and Fabricated Metal,0,0,1,20,15,480,10,10,0,0,1,8.399651398,0,9727402,4432599.09,6.99,6.65,-0.34,"390,093","56,278",14.427,59838.342,15.34,15.076,154857.35,1.592,1215960,55120,4.53304385,0.852400005
DS 192,USA,Transitional Safeguard Measure on Combed Cotton Yarn from Pakistan,2000/4,Pakistan,Textiles and Textile products,1,0,1,6,1,30,10,-6,0,0,1,0.053750213,1,10358908,76865.94,7.02,4.89,-2.13,"145,434","20,647",14.197,73887.11,50.805,17.77,47037.39,0.454,1316247,515,0.039126395,0.852400005
DS 202,USA,Definitive Safeguard Measures on Imports of Circular Welded Carbon Quality Line Pipe from Korea,2000/6,"Korea, Republic of",Basic Metals and Fabricated Metal,1,0,1,17,13,380,10,8,0,0,1,3.620561302,1,10358908,533385.21,7.02,5.73,-1.29,"354,432","59,508",16.79,63491.78,17.914,14.91,159301.32,1.538,1316247,8968,0.681331088,0.852400005
DS 206,USA,Anti-Dumping and Countervailing Measures on Steel Plate from India,2000/10,India,Basic Metals and Fabricated Metal,1,0,1,7,7,225,10,9,0,0,1,0.461383764,0,10358908,467787.93,7.02,5.67,-1.35,"354,432","59,508",16.79,63491.78,17.914,14.91,159301.32,1.538,1316247,2379,0.180741153,0.852400005
DS 212,USA,Countervailing Measures Concerning Certain Products from the European Communities,2000/11,EC,Basic Metals and Fabricated Metal,0,0,1,45,40,1289,10,10,0,0,1,21.61816388,0,10358908,8519811.17,7.02,6.93,-0.08,"354,432","59,508",16.79,63491.78,17.914,14.91,159301.32,1.538,1316247,609674,46.31911792,0.852400005
DS 213,USA,Countervailing Duties on Certain Corrosion-Resistant Carbon Steel Flat Products from Germany,2000/11,EC,Basic Metals and Fabricated Metal,0,0,1,19,15,474,10,10,0,0,1,21.61816388,0,10358908,8519811.17,7.02,6.93,-0.08,"354,432","59,508",16.79,63491.78,17.914,14.91,159301.32,1.538,1316247,609674,46.31911792,0.852400005
DS 236,USA,Preliminary Determinations with Respect to Certain Softwood Lumber from Canada,2001/8,Canada,Agriculture,0,0,1,47,47,1447,10,10,1,0,1,22.36686659,0,10696924,732735.47,7.03,5.86,-1.16,"242,251","11,359",4.689,14962.284,6.176,9.056,97141.85,0.908,1460352,152601,10.44960393,0.853447974
DS 248,USA,Definitive Safeguard Measures on Imports of Certain Steel Products,2002/3,EC,Basic Metals and Fabricated Metal,0,0,1,5,1,28,10,10,0,0,1,21.29736858,1,11056034,9400881.33,7.04,6.97,-0.07,"424,307","71,199",16.78,76240.076,17.968,16.882,161794.096,1.463,1616548,684161,42.32234366,0.852923989
DS 249,USA,Definitive Safeguard Measures on Imports of Certain Steel Products,2002/3,Japan,Basic Metals and Fabricated Metal,0,0,1,5,1,28,10,10,0,0,1,7.466987261,1,11056034,3980818.93,7.04,6.6,-0.44,"424,307","71,199",16.78,76240.076,17.968,16.882,161794.096,1.463,1616548,66468,4.111724489,0.852923989
DS 251,USA,Definitive Safeguard Measures on Imports of Certain Steel Products,2002/3,"Korea, Republic of",Basic Metals and Fabricated Metal,1,0,1,5,1,28,10,8,0,0,1,3.301959073,1,11056034,575929.76,7.04,5.76,-1.28,"424,307","71,199",16.78,76240.076,17.968,16.882,161794.096,1.463,1616548,11856,0.733414659,0.852923989
DS 252,USA,Definitive Safeguard Measures on Imports of Certain Steel Products,2002/3,China,Basic Metals and Fabricated Metal,1,0,1,5,1,28,10,-7,0,0,1,3.16625719,1,11056034,1455554.35,7.04,6.16,-0.88,"424,307","71,199",16.78,76240.076,17.968,16.882,161794.096,1.463,1616548,50899,3.148622868,0.852923989
DS 253,USA,Definitive Safeguard Measures on Imports of Certain Steel Products,2002/3,Switzerland,Basic Metals and Fabricated Metal,0,0,1,5,1,28,10,10,0,0,1,1.129391921,1,11056034,289345.49,7.04,5.46,-1.58,"424,307","71,199",16.78,76240.076,17.968,16.882,161794.096,1.463,1616548,74229,4.591821585,0.852923989
DS 254,USA,Definitive Safeguard Measures on Imports of Certain Steel Products,2002/3,Norway,Basic Metals and Fabricated Metal,0,0,1,5,1,28,10,10,0,0,1,0.198709042,1,11056034,191927.54,7.04,5.28,-1.76,"424,307","71,199",16.78,76240.076,17.968,16.882,161794.096,1.463,1616548,6045,0.373944974,0.852923989
DS 257,USA,Final Countervailing Duty Determination with respect to certain Softwood Lumber from Canada,2002/5,Canada,Wood and Products of Wood and Cork,0,0,1,47,47,1447,10,10,0,0,1,23.28753831,0,11056034,752522.91,7.04,5.88,-1.17,"97,394","15,714",16.134,16635.314,17.08,13.692,28772.07,0.26,1616548,166473,10.29805487,0.852923989
DS 258,USA,Definitive Safeguard Measures on Imports of Certain Steel Products,2002/5,New Zealand,Basic Metals and Fabricated Metal,0,0,1,5,1,28,10,10,0,0,1,0.244341583,1,11056034,61931.01,7.04,4.79,-2.25,"424,307","71,199",16.78,76240.076,17.968,16.882,161794.096,1.463,1616548,3926,0.242863187,0.852923989
DS 259,USA,Definitive Safeguard Measures on Imports of Certain Steel Products,2002/5,Brazil,Basic Metals and Fabricated Metal,1,0,1,5,1,28,10,8,0,0,1,1.791921461,1,11056034,506040.51,7.04,5.7,-1.34,"424,307","71,199",16.78,76240.076,17.968,16.882,161794.096,1.463,1616548,27598,1.707218097,0.852923989
DS 264,USA,Final Dumping Determination on Softwood Lumber from Canada,2002/9,Canada,Wood and Products of Wood and Cork,0,0,1,47,47,1447,10,10,0,0,1,23.28753831,0,11056034,752522.91,7.04,5.88,-1.17,"97,394","15,714",16.134,16635.314,17.08,13.692,28772.07,0.26,1616548,166473,10.29805487,0.852923989
DS 267,USA,Subsidies on Upland Cotton,2002/9,Brazil,Agriculture,1,0,1,69,63,1941,10,8,1,0,1,1.791921461,1,11056034,506040.51,7.04,5.7,-1.34,"252,523","11,900",4.713,15660.718,6.202,9.332,103065.92,0.932,1616548,27598,1.707218097,0.852923989
DS 268,USA,Sunset Reviews of Anti-Dumping Measures on Oil Country Tubular Goods from Argentina,2002/10,Argentina,Basic Metals and Fabricated Metal,1,0,1,35,31,935,10,8,0,0,1,0.223068691,0,11056034,102041.77,7.04,5.01,-2.03,"424,307","71,199",16.78,76240.076,17.968,16.882,161794.096,1.463,1616548,11288,0.698278059,0.852923989
DS 277,USA,Investigation of the International Trade Commission in Softwood Lumber from Canada,2002/12,Canada,Wood and Products of Wood and Cork,0,0,1,48,48,1447,10,10,0,0,1,23.28753831,0,11056034,752522.91,7.04,5.88,-1.17,"97,394","15,714",16.134,16635.314,17.08,13.692,81680.13,0.739,1616548,166473,10.29805487,0.852923989
DS 282,USA,Anti-Dumping Measures on Oil Country Tubular Goods (OCTG) from Mexico,2003/2,Mexico,Basic Metals and Fabricated Metal,1,0,-99,-99,-99,-99,10,8,0,0,1,13.41048955,0,11592522.3,713282.96,7.06,5.85,-1.21,"436,957",77044.72,17.632,82614.224,18.907,17.868,359912.368,3.105,1769613,56851,3.212623325,0.852923989
DS 285,USA,Measures Affecting the Cross-Border Supply of Gambling and Betting Services,2003/3,Antigua and Barbuda,-99,1,0,0,144,139,4003,10,-99,0,0,1,0.015608902,0,11592522.3,840,7.06,2.92,-4.14,-99,-99,-99,-99,-99,-99,-99,-99,1769613,30,0.001695286,0.852923989
DS 296,USA,Countervailing Duty Investigation on Dynamic Random Access Memory Semiconductors (DRAMS) from Korea,2003/6,"Korea, Republic of",Electrical and Optical Equipment,1,0,1,13,9,255,10,8,0,0,1,3.370098297,0,11592522.3,643760.14,7.06,5.81,-1.26,"516,202","144,141",27.923,273978.222,53.076,19.846,209839.994,1.81,1769613,13063,0.738183998,0.852923989
DS 335,USA,Anti-Dumping Measure on Shrimp from Ecuador,2005/11,Ecuador,Agriculture,1,0,1,7,7,213,10,7,1,0,1,0.218205583,0,13182676.2,41507.09,7.12,4.62,-2.5,"283,342","13,525",4.773,17756.02,6.267,10.16,120838.13,0.917,2241656,941,0.041977895,0.852923989
DS 343,USA,Measures Relating to Shrimp from Thailand,2006/4,Thailand,Agriculture,1,0,1,18,13,385,10,-5,1,0,1,0.789329804,0,13947424.1,188620.15,7.14,5.28,-1.87,"309,589","16,518",5.336,21676.78,7.002,11.003,130970.43,0.939,2477268,10642,0.429586141,0.852923989
DS 344,USA,Final Anti-Dumping Measures on Stainless Steel from Mexico,2006/5,Mexico,Basic Metals and Fabricated Metal,1,0,1,52,48,1483,10,8,0,0,1,12.86827998,0,13947424.1,866346.48,7.14,5.94,-1.21,"506,546","103,687",20.469,109759.487,21.668,21.827,170945.31,1.226,2477268,82965,3.349052262,0.852923989
DS 345,USA,Customs Bond Directive for Merchandise Subject to Anti-Dumping/Countervailing Duties,2006/6,India,Food Beverages and Tobacco,1,0,1,14,9,279,10,9,0,0,1,0.926373413,1,13947424.1,947912.05,7.14,5.98,-1.17,"662,883","17,171",2.59,52090.433,7.858,12.317,168284.323,1.207,2477268,9746,0.393417265,0.852923989
DS 381,USA,"Measures Concerning the Importation, Marketing and Sale of Tuna and Tuna Products",2008/10,Mexico,Agriculture,1,0,0,54,46,1407,10,8,1,0,1,11.59809084,0,14816685.6,1101273.63,7.17,6.04,-1.13,"362,083","22,505",6.215,29518.3,8.152,12.69,151235.03,1.021,3232493,87443,2.705125734,0.851108551
DS 382,USA,Anti-Dumping Administrative Reviews and Other Measures Related to Imports of Certain Orange Juice from Brazil,2008/11,Brazil,Food Beverages and Tobacco,1,0,1,13,13,393,10,8,0,0,1,2.561445316,0,14816685.6,1653538.07,7.17,6.22,-0.95,"733,959","21,149",2.881,62873.48,8.566,13.99,177534.97,1.198,3232493,43953,1.359724522,0.851108551
DS 383,USA,Anti-Dumping Measures on Polyethylene Retail Carrier Bags from Thailand,2008/11,Thailand,Rubber and plastics,1,0,1,6,6,202,10,4,0,0,1,0.700329968,0,14816685.6,289963.31,7.17,5.46,-1.71,"187,248","34,151",18.238,41049.44,21.922,19.64,56312.09,0.38,3232493,9162,0.283434488,0.851108551
DS 384,USA,Certain Country of Origin Labelling (Cool) Requirements,2008/12,Canada,Agriculture,0,0,0,51,44,1363,10,10,1,0,1,20.08552505,0,14816685.6,1542560.73,7.17,6.19,-0.98,"362,083","22,505",6.215,29518.3,8.152,12.69,151235.03,1.021,3232493,246483,7.625167324,0.851108551
DS 386,USA,Certain Country of Origin Labelling Requirements,2008/12,Mexico,Agriculture,1,0,0,51,44,1363,10,8,1,0,1,11.59809084,0,14816685.6,1101273.63,7.17,6.04,-1.13,"362,083","22,505",6.215,29518.3,8.152,12.69,151235.03,1.021,3232493,87443,2.705125734,0.851108551
DS 404,USA,Anti-dumping Measures on Certain Shrimp from Viet Nam,2010/2,Viet Nam,Agriculture,1,0,1,7,7,219,10,-7,1,0,1,0.308411137,0,15058495.8,115931.75,7.18,5.06,-2.11,"348,557","19,914",5.713,26267.75,7.536,10.44,149728.84,0.994,3741910,799,0.021352732,0.851965964
DS 406,USA,Measures Affecting the Production and Sale of Clove Cigarettes,2010/4,Indonesia,Food Beverages and Tobacco,1,0,1,37,30,913,10,8,0,0,1,0.443431059,0,15058495.8,709190.82,7.18,5.85,-1.33,"749,473","18,314",2.444,58589.53,7.817,11.85,209332.57,1.39,3741910,10558,0.28215537,0.851965964
DS18,Australia,Measures Affecting Importation of Salmon,1995/10,Canada,Agriculture,0,0,1,22,18,577,10,10,1,0,0,0.60436114,0,392655.48,602003.37,5.59,5.78,0.19,23255.44,349.15,1.501,568.98,2.447,7.47,13615.55,3.468,52767.603,526.806,0.998351204,0.864451998
DS126,Australia,Subsidies provided to producers and exporters of automotive leather,1998/5,USA,"Leather, Leather and Footwear",0,0,1,14,14,427,10,10,0,0,0,8.189090514,1,390446.62,9146941,5.59,6.96,1.37,5156.934,712.296,13.812,1989.778,38.585,14.078,2199.272,0.563,77106.12,29099.916,37.740086,0.868644
DS367,Australia,Measures Affecting the Importation of Apples from New Zealand,2007/8,New Zealand,Agriculture,0,0,1,13,10,278,10,10,1,0,0,5.391163885,0,983472.55,135224.76,5.99,5.13,-0.86,53251.25667,589.7133333,1.107,883.737,1.66,10.117,24633.613,2.505,303270.74,41376.179,13.64331389,0.866024
DS31,Canada,Certain Measures Concerning Periodicals,1996/3,USA,"Pulp, paper, and paper publishing (department of canadian heritage?",0,0,1,19,16,488,10,10,0,0,0,80.15399441,0,626965.06,8148387,5.8,6.91,1.11,39337.158,4881.6,12.41,6379.298,16.217,14.854,17270.548,2.755,132321.86,68584.863,51.83184623,0.858163998
DS70,Canada,Measures Affecting the Export of Civilian Aircraft,1997/3,Brazil,Transport Equipment,1,0,-99,-99,-99,-99,10,8,0,0,0,0.552349765,1,650993.18,871200.61,5.81,5.94,0.13,11224.644,3311.726,29.504,4994.13,44.493,31.074,4988.408,0.766,152959.32,2207.553,1.443228827,0.858163998
DS103(113),Canada,Measures Affecting the Importation of Milk and the Exportation of Dairy Products,1997/10,USA,Agriculture,0,0,1,45,40,1305,10,10,1,0,0,81.3712218,1,650993.18,8662586,5.81,6.94,1.12,35938.69,2850.966,7.933,3552.536,9.885,15.578,16686.668,2.563,152959.32,77461.687,50.64201841,0.858163998
DS114,Canada,Patent Protection of Pharmaceuticals,1997/12,EU,Chemicals and Chemical Products,0,0,1,6,6,205,10,10,0,0,0,5.411637455,0,650993.18,8885905.78,5.81,6.95,1.14,26204.636,8601.474,32.824,11438.878,43.652,26.292,9858.03,1.514,152959.32,31583.058,20.64801151,0.858163998
DS139(142),Canada,Certain Measures Affecting the Automotive Industry,1998/07,Japan,Transport Equipment,0,0,1,12,9,265,10,10,0,0,0,2.845830572,0,631448.14,3914574.87,5.8,6.59,0.79,68370.866,22651.844,33.131,38674.232,56.565,51.81,14631.6,2.317,171784.74,2088.604,1.215826272,0.862879999
DS170,Canada,Term of Patent Protection,1999/5,USA,Chemicals and Chemical Products,0,0,1,14,10,298,10,10,0,0,0,86.3473849,0,674310.86,9727402,5.83,6.99,1.16,27855.852,9952.138,35.727,13298.286,47.74,28.604,9373.15,1.39,201446.824,105164.901,52.20479475,0.862879999
DS276,Canada,Measures Relating to Exports of Wheat and Treatment of Imported Grain,2002/12,USA,Agriculture,0,0,1,16,11,337,10,10,1,0,0,86.57879792,0,752522.91,11056034,5.88,7.04,1.17,40962.314,3504.636,8.556,4483.184,10.945,17.158,18905.734,2.512,275711.25,126614.94,45.92302273,0.857640028
DS412(426),Canada,Certain Measures Affecting the Renewable Energy Generation Sector,2010/9,Japan,"Electricity, gas, steam, air conditioning supply",0,0,1,19,14,446,10,10,0,0,0,2.369484841,1,1614072.09,5495387.18,6.21,6.74,0.53,48728.26,525.65,1.079,876.79,1.799,5.82,38177.05,2.365,636711.96,7544.21,1.184870157,0.839148121
DS8 (10),Japan,Taxes on Alcoholic Beverages,1995/6,EU,Food Beverages and Tobacco,0,0,1,18,15,463,10,10,0,0,0,16.29333688,1,5333926.69,9235880.3,6.73,6.97,0.24,365370.46,7881.27,2.157,29019,7.942,6.65,136177.64,2.553,463605.998,84282.995,18.17987588,0.766308486
DS76,Japan,Measures Affecting Agricultural Products,1997/4,USA,Agriculture,0,0,1,14,10,313,10,10,0,0,0,28.01728509,0,4324279.45,8662586,6.64,6.94,0.3,155104.298,10072.374,6.494,14742.874,9.505,5.41,85590.338,1.979,271905.734,102312.863,37.62806378,0.758976996
DS245,Japan,Measures Affecting the Importation of Apples,2002/3,USA,Agriculture,0,0,1,25,21,639,10,10,1,0,0,28.85806648,0,3980818.93,11056034,6.6,7.04,0.44,126909.688,8568.51,6.752,12548.072,9.887,7.288,67241.982,1.689,304234.127,135589.091,44.56735092,0.772973478
DS336,Japan,Countervailing Duties on DRAM,2006/3,Korea,Electrical and Optical Equipment,1,0,1,20,16,463,10,8,0,0,0,7.840343458,0,4356749.78,951772.96,6.64,5.98,-0.66,441080.7767,43050.22333,9.76,87133.847,19.755,15.373,161869.667,3.715,449567.385,10666.675,2.372653212,0.750312507
DS75,Korea,Taxes on Alcoholic Beverages,1997/4,EU,Food Beverages and Tobacco,0,1,1,14,10,324,8,10,0,0,0,14.10954924,0,532239.43,8885905.78,5.73,6.95,1.22,49643.21,1744.996,3.515,4620.038,9.306,17.448,9217.93,1.732,16786,1538,9.162397236,0.757364392
DS98,Korea,Definitive Safeguard Measure on Imports of Certain Dairy Products,1997/8,EU,Food Beverages and Tobacco,0,1,1,11,5,159,8,10,0,0,0,14.10954924,1,532239.43,8885905.78,5.73,6.95,1.22,49643.21,1744.996,3.515,4620.038,9.306,17.448,9217.93,1.732,16786,1538,9.162397236,0.757364392
DS161,Korea,"Measures Affecting Imports of Fresh, Chilled, and Frozen Beef",1999/2,USA,Agriculture,0,1,1,14,9,274,8,10,0,0,0,21.20326533,0,461807.96,9727402,5.66,6.99,1.32,36370.19,2295.322,6.311,3350.742,9.213,10.896,23981.386,5.193,22348,6294,28.16359406,0.757364392
DS273,Korea,Measures Affecting Trade in Commercial Vessels,2002/10,EU,Transport Equipment,0,1,1,0,0,0,8,10,0,0,0,14.747701,1,575929.76,9400881.33,5.76,6.97,1.21,22601.716,1238.81,5.481,2307.974,10.211,30.962,7085.27,1.23,28706,4051,14.11203233,0.753364503
DS312,Korea,AD Duties on Certain Imports of Paper from Indonesia,2004/6,Indonesia,Paper and publishing,1,1,-99,-99,-99,-99,8,8,0,0,0,1.448835765,0,721975.78,285868.62,5.86,5.46,-0.4,27056.748,2976.308,11,3690.664,13.64,-99,-99,-99,39936.199,1290,3.230152173,0.753364503
DS391,Korea,Measures affecting the importation of bovine meat ,2009/4,Canada,Food Beverages and Tobacco,0,1,1,0,0,0,8,10,0,0,0,0.94568262,0,834060.44,1370839.15,5.92,6.14,0.22,65202.45,6374.99,9.777,11761.79,18.039,30.33,10842.93,1.3,115449.991,3565.848,3.088651605,0.7546978
DS132,Mexico,AD Investigation of High Fructose Corn Syrup from the US,1998/5,USA,Food Beverages and Tobacco,0,1,1,28,28,826,8,10,0,0,0,87.06000818,0,502007.96,9146941,5.7,6.96,1.26,64708.546,713.106,1.102,4122.602,6.371,15.18,24661.256,4.913,12.4,2.055,16.57258065,0.364000022
DS204,Mexico,Measures Affecting Telecommunications Services,2000/8,USA,Telecommunications,0,1,1,16,16,498,8,10,0,0,0,88.16847446,0,683650.98,10358908,5.83,7.02,1.18,18500.28,205.29,1.11,360.46,1.948,8.08,11249.75,1.646,12.4,7.462,60.17741935,0.364000022
DS295,Mexico,Definitive Anti Dumping Measures on Beef and Rice,2003/6,USA,Agriculture,0,1,1,18,13,386,8,10,1,0,0,87.76033081,0,713282.96,11592522.3,5.85,7.06,1.21,44379.698,2150.95,4.847,3979.994,8.968,7.752,27090.222,3.798,34606.649,9.022,0.026070135,0.307999998
DS308,Mexico,Tax Measures on Soft Drinks and Other Beverages,2004/3,USA,Food Beverages and Tobacco,0,1,1,14,9,297,8,10,0,0,0,88.60094034,0,770269.86,12360914.5,5.89,7.09,1.21,97390.074,1468.906,1.508,9276.946,9.526,14.796,39074.888,5.073,45778.706,7.592,0.01658413,0.283999979
DS331,Mexico,Anti Dumping Duties on Steel Pipes and Tubes from Guatemala,2005/6,Guatemala,Fabricated Metals,1,1,1,7,7,231,8,8,0,0,0,0.403871317,0,866346.48,27211.22,5.94,4.43,-1.5,46510.45,18662.54,40.125,22261.24,47.863,29.8,17796.98,2.054,52886.668,-99,-99,0.283999979
DS341,Mexico,Definitive Countervailing Duties on Olive Oil from the EU,2006/3,EU,Food Beverages and Tobacco,0,1,1,2,2,75,8,10,0,0,0,4.423902209,0,966866.76,14763076.51,5.99,7.17,1.18,110928.5667,1667.976667,1.504,10854.447,9.785,15.453,45399.483,4.696,63583.718,9.677,0.015219305,0.283999979
DS34 ,Turkey,Restrictions on Imports of Textile and Clothing Products,1996/3,India,Textiles and Textile products,1,1,1,25,20,624,8,9,0,0,0,0.219457185,1,243933.04,389168.85,5.39,5.59,0.2,26792.516,584.618,2.182,1475.152,5.506,9.814,9962.904,4.084,-99,-99,-99,0.769364119
DS334,Turkey,Measures Affecting the Importation of Rice,2005/11,USA,Agriculture,0,1,1,13,13,397,7,10,1,0,0,6.590695792,0,482985.91,13182676.2,5.68,7.12,1.44,71881.2,704.17,0.98,1970.7,2.742,7.68,47518.64,9.839,8315,135,1.623571858,0.728031814
DS46,Brazil,Export Financing Programme for Aircraft,1996/6,Canada,Transport Equipment,0,1,1,20,16,492,8,10,0,0,0,1.069983604,1,839683.6136,626965.056,5.924115678,5.797243336,-0.126872342,6147.208,714.426,11.622,822.69,13.383,13.016,1874.122,0.223,44474,247,0.555380672,0.780971527
DS332,Brazil,Measures Affecting Imports of Retreaded Tyres,2005/6,EU,Rubber and Plastic products,0,1,1,24,18,569,8,10,0,0,0,23.25317572,0,882043.9486,13842202.2,5.945490225,7.141205189,1.195714964,19793.87,1841.24,9.302,2014.1,10.175,15.51,5552.11,0.629,79259,23179,29.24462837,0.685662031
"DS339 (340,342)",China,Measures Affecting Imports of Automobile Parts,2006/3,EU,Transport Equipment,0,1,1,13,8,256,-7,10,0,0,0,19.64953726,1,2793180.19,14763076.51,6.446098953,7.16917687,0.723077917,251792.6933,9774.693333,3.882,7432.77,2.952,38.337,48528.917,1.737,75026,1275,1.699410871,0
"DS339 (340,342)",China,Measures Affecting Imports of Automobile Parts,2006/3,USA,Transport Equipment,0,1,1,13,8,256,-7,10,0,0,0,21.07376035,1,2793180.19,13947424.1,6.446098953,7.144494007,0.698395053,251792.6933,9774.693333,3.882,7432.77,2.952,38.337,48528.917,1.737,75026,1238,1.650094634,0
"DS339 (340,342)",China,Measures Affecting Imports of Automobile Parts,2006/3,Canada,Transport Equipment,0,1,1,13,8,256,-7,10,0,0,0,1.604910999,1,2793180.19,1310795.189,6.446098953,6.117534839,-0.328564115,251792.6933,9774.693333,3.882,7432.77,2.952,38.337,48528.917,1.737,75026,141,0.187934849,0
DS363,China,Measures Affecting Trading Rights and Distribution Services for Certain Publications and Audiovisual Entertainment Products,2007/4,USA,"Publishing, printing, and reproduction of recorded media",0,1,1,30,26,793,-7,10,0,0,0,19.13476305,0,3504410.924,14573939.3,6.544615025,7.163576956,0.618961931,198790.9667,14537.90667,7.313,14762.27,7.426,41.369,43187.064,1.232,117911,1881,1.595271009,0
DS395 (398),China,Measures Related to the Exportation of Various Raw Materials,2009/6,Mexico,Chemical and Chemical Products,1,1,1,17,11,337,-7,8,0,0,0,1.024873333,0,5105458.332,894950.4039,6.708034736,5.951798968,-0.756235768,686420.92,80996.94,11.8,85114.1,12.4,39.45,145025.76,2.841,245755,174,0.070802222,0
DS395 (398),China,Measures Related to the Exportation of Various Raw Materials,2009/6,EU,Chemical and Chemical Products,0,1,1,17,11,337,-7,10,0,0,0,19.69890289,0,5105458.332,16416275.68,6.708034736,7.215274637,0.5072399,686420.92,80996.94,11.8,85114.1,12.4,39.45,145025.76,2.841,245755,6286,2.557831987,0
DS395 (398),China,Measures Related to the Exportation of Various Raw Materials,2009/6,USA,Chemical and Chemical Products,0,1,1,17,11,337,-7,10,0,0,0,18.4259281,0,5105458.332,14516281.3,6.708034736,7.161855375,0.453820639,686420.92,80996.94,11.8,85114.1,12.4,39.45,145025.76,2.841,245755,3338,1.358263311,0
DS413,China,Certain Measures Affecting Electronic Payment Services,2010/9,USA,Financial intermediation,0,1,0,?,45,1373,-7,10,0,0,0,17.99340574,0,5949785.722,15058495.8,6.774501325,7.177781592,0.403280267,465452.03,40883.15,8.784,48949,10.516,3.36,309893.68,5.208,317211,4874,1.536516703,0
DS414,China,Countervailing and Anti-Dumping Duties on Grain Oriented Flat-rolled Electrical Steel from the United States,2010/9,USA,Basic metals and fabricated metals,0,1,1,34,30,904,-7,10,0,0,0,17.99340574,0,5949785.722,15058495.8,6.774501325,7.177781592,0.403280267,1576526.68,95275.44,6.043,97517.72,6.186,30.82,296664.76,4.986,317211,4874,1.536516703,0
DS50,India,Patent Protection for Pharmaceutical and Agricultural Chemical Products,1996/7,USA,Chemical and Chemical Products,0,1,1,18,15,462,9,10,0,0,0,19.2277559,0,389168.8525,8148387,5.590138074,6.911071647,1.320933573,43725.704,4588.522,10.494,5094.77,11.652,14.018,14256.42,3.663,1705,102,5.982404692,0.764308989
DS146 (175),India,Measures Affecting the Automotive Sector,1998/10,USA,Transport Equipment,0,1,1,8,5,153,9,10,0,0,0,21.23405323,0,425273.6619,9146941,5.628668487,6.961275878,1.332607391,14183.46,138.952,0.98,454.136,3.202,15.89,4500.626,1.058,1705,102,5.982404692,0.74031502
DS146 (175),India,Measures Affecting the Automotive Sector,1999/6,EU,Transport Equipment,0,1,1,8,5,153,9,10,0,0,0,26.02318324,0,453377.3405,9190446.673,5.656459811,6.963336619,1.306876809,14374.04,130.756,0.91,416.508,2.898,16.92,4281.368,0.944,2608,624,23.92638037,0.73231703
"DS54 (55,59,64)",Indonesia,Certain Measures Affecting the Automobile Industry,1996/10,EU,Transport Equipment,0,1,1,11,11,357,-7,10,0,0,0,16.05924836,0,249811.4059,9426366.474,5.397612263,6.97434432,1.576732057,2113.77,688.932,32.593,2649.656,125.352,33.026,695.976,0.279,2322,187,8.053402239,0
"DS54 (55,59,64)",Indonesia,Certain Measures Affecting the Automobile Industry,1996/10,Japan,Transport Equipment,0,1,1,11,11,357,-7,10,0,0,0,25.7073966,0,249811.4059,4706189.001,5.397612263,6.672669364,1.275057101,2113.77,688.932,32.593,2649.656,125.352,33.026,695.976,0.279,2322,4,0.172265289,0
"DS54 (55,59,64)",Indonesia,Certain Measures Affecting the Automobile Industry,1996/10,USA,Transport Equipment,0,1,1,11,11,357,-7,10,0,0,0,13.84781035,0,249811.4059,8148387,5.397612263,6.911071647,1.513459384,2113.77,688.932,32.593,2649.656,125.352,33.026,695.976,0.279,2322,57,2.454780362,0
DS87(110),Chile,Taxes on Alcoholic Beverages,1997/6,EU,Food Beverages and Tobacco,0,1,1,21,15,465,8,10,0,0,0,25.14251102,1,85219.2,8885905.78,4.93,6.95,2.02,13828.576,329.982,2.386,1054.67,7.627,14.396,4189.674,4.916,-99,-99,-99,0.775639474
DS207,Chile,Price Band System and Safeguard Measures Relating to Certain Agricultural Products,2000/10,Argentina,Agriculture,1,1,1,67,63,1927,9,8,1,0,0,3.465084955,0,77382.81,284345.91,4.89,5.45,0.57,8647.45,228.31,2.64,344.14,3.98,13.42,4361.43,5.636,11154,9990,89.56428187,0.775639474
DS56,Argentina,"Measures Affecting Imports of Footwear, Textiles, Apparel and other Items",1996/10,USA,Textiles and Textile Products,0,1,1,18,14,429,7,10,0,0,0,8.111497675,0,272241.6816,8148387,5.43,6.91,1.48,9601.832,172.114,1.793,775.388,8.075,6.34,4117.764,1.513,2096.337401,402,19.17630243,0.750979006
DS121,Argentina,Safeguard Measures on Imports of Footwear,1998/4,EU,"Leather, Leather and Footwear",0,1,1,8,2,73,7,10,0,0,0,18.80539315,1,299097.909,9194547.94,5.48,6.96,1.49,9637.496,185.882,1.929,871.844,9.046,6.78,4040.972,1.351,2096.337401,395,18.84238672,0.747646511
DS155,Argentina,Measures Affecting the Export of Bovine Hides and the Import of Finished Leather,1998/12,EU,"Leather, Leather and Footwear",0,1,1,14,14,433,7,10,0,0,0,18.80539315,0,299097.909,9194547.94,5.48,6.96,1.49,9637.496,185.882,1.929,871.844,9.046,6.78,4040.972,1.351,2096.337401,395,18.84238672,0.747646511
DS189,Argentina,Definitive Anti-Dumping Measures on Imports of Ceramic Tiles,2000/1,EU,Other non-metallic mineral products,0,1,1,6,6,211,8,10,0,0,0,18.25270993,0,284345.913,8519811.17,5.45,6.93,1.48,2680.95,244.25,9.111,270.22,10.079,6.3,1236.66,0.435,2096.337401,395,18.84238672,0.719653487
DS238,Argentina,Definitive Safeguard Measure on Imports of Preserved Peaches,2001/9,Chile,Food Beverages and Tobacco,1,1,1,10,10,320,8,9,0,0,0,10.84758746,1,268831.1256,70561.68014,5.43,4.85,-0.58,33491.628,145.36,0.434,870.932,2.6,7.566,8617.34,3.205,3303.201147,1352,40.92999305,0.719653487
DS241,Argentina,Definitive Anti-Dumping Duties on Poultry from Brazil,2001/11,Brazil,Agriculture,1,1,-99,-99,-99,-99,8,8,1,0,0,23.60032551,0,268831.1256,554187.2775,5.43,5.74,0.31,22658.256,238.726,1.054,340.838,1.504,5.916,11851.63,4.409,2497.977434,682.566472,27.32476533,0.719653487
DS122,Thailand,"Anti-Dumping Duties on Angles, Shapes and Sections of Iron or Non-Alloy Steel and H Beams",1998/4,Poland,Basic metals and fabricated metals,1,1,-99,-99,-99,-99,9,9,0,0,0,0.137821316,0,113472.8603,172901.5365,5.05,5.24,0.18,6178.112,5719.054,92.57,6717.776,108.735,44.9,2045.26,1.802,1764,0,0,0.769364119
DS371,Thailand,Customs and Fiscal Measures on Cigarettes from the Philippines,2008/2,Philippines,Food Beverages and Tobacco,1,1,-99,-99,-99,-99,4,8,0,0,0,1.968233586,0,289963.3124,174195.1849,5.46,5.24,-0.22,60618.03,2696.45,4.448,4754.14,7.843,22.87,17575.74,6.061,12080.42,194.85,1.61294061,0.426687986
DS396,Philippines,Taxes on Distilled Spirits,2009/7,EU,Food Beverages and Tobacco,0,1,1,15,11,364,8,10,0,0,0,20.72981302,0,168334.6422,16416275.68,5.23,7.22,1.99,21322.37,670.92,3.147,2986.73,14.007,11.21,8037.49,4.775,813.1992947,200.7652469,24.68832034,0.368000001
DS366,Colombia,Indicative Prices and Restrictions on Ports of Entry,2007/7,Panama,Textiles and Footwear,1,1,1,8,8,269,7,9,0,0,0,0.820867488,0,207416.491,19793.7,5.32,4.3,-1.02,9768.246667,399.1333333,4.086,1033.7,10.582,15.657,3580.107,1.726,2476.308618,833,33.63877967,0.403999984
