cwsac_id,battle_name,state,significance,result,theater_code,campaign_code,battle_type,start_date,end_date,lat,long,duration,mid_date,day_of_war,season,year,war_phase,surrender,attacker,naval,siege,commander_navy_C,commander_navy_U,commander_rank_C,commander_rank_U,casualties_C,casualties_U,strength_C,strength_U
AL001,Day's Gap,AL,C,Union,MW,MW63-03,Action,1863-04-30,1863-04-30,34.3096,-87.011,1,1863-04-30,749.5,Spring,1863,3,None,Confederate,No,FALSE,FALSE,FALSE,Brigadier General,Colonel,64.99999999999999,23,,2039.607805437113
AL002,Athens,AL,D,Union,MW,MW64-02,Attack,1864-01-26,1864-01-26,34.8033,-86.9722,1,1864-01-26,1020.5,Winter,1864,4,None,Confederate,No,FALSE,FALSE,FALSE,Lieutenant Colonel,Captain,30.000000000000004,19.999999999999996,424.26406871192887,603.3241251599342
AL003,Mobile Bay,AL,A,Union,MW,MW64-09,Naval Operations,1864-08-02,1864-08-23,30.241,-88.053,22,1864-08-13,1220,Summer,1864,5,Confederate,US,Yes,TRUE,TRUE,TRUE,Admiral,Rear Admiral,1500,323.98532474939344,2080.0000000000005,5118.000000000003
AL004,Decatur,AL,C,Union,MW,MW64-13,Demonstration,1864-10-26,1864-10-29,34.614,-86.986,4,1864-10-28,1296,Autumn,1864,6,None,Confederate,No,FALSE,FALSE,FALSE,General,Brigadier General,199.99999999999991,155.00000000000003,,5000.000000000004
AL005,Spanish Fort,AL,B,Union,MW,MW65-02,Siege & Capture,1865-03-27,1865-04-08,30.6843,-87.9164,13,1865-04-02,1452.5,Spring,1865,6,None,US,No,TRUE,FALSE,FALSE,Brigadier General,Major General,671.7254937491603,762.8623856224243,4940.000000000003,34287.999999999985
AL006,Fort Blakely,AL,A,Union,MW,MW65-02,Siege & Capture,1865-04-02,1865-04-09,30.7424,-87.927,8,1865-04-06,1456,Spring,1865,6,Confederate,US,No,TRUE,FALSE,FALSE,Major General,Major General,3275.6678708318386,676.6932895035619,4291.564497311137,21733.42199101509
AL007,Selma,AL,B,Union,MW,MW65-03,Engagement,1865-04-02,1865-04-02,32.424,-87.0237,1,1865-04-02,1452.5,Spring,1865,6,Confederate,US,No,FALSE,FALSE,FALSE,Lieutenant General,Major General,3286.3353450309946,319.00000000000006,5521.611579650958,12696.38296909636
AR001,Pea Ridge,AR,A,Union,TM,TM62-02,Battle,1862-03-06,1862-03-08,36.4532,-94.0158,3,1862-03-07,330.5,Spring,1862,1,None,Confederate,No,FALSE,FALSE,FALSE,Major General,Brigadier General,1892.3651204255416,1378.3970708579213,15245.00869238859,11679.01297469826
AR002,Saint Charles,AR,C,Union,TM,TM62-03,Engagement,1862-06-17,1862-06-17,34.3715467,-91.126083,1,1862-06-17,432.5,Summer,1862,1,None,US,Partial,FALSE,TRUE,FALSE,Captain,Colonel,40,151.19052598738472,,
AR003,Hill's Plantation,AR,D,Union,TM,TM62-04,Action,1862-07-07,1862-07-07,35.0365,-91.293,1,1862-07-07,452.5,Summer,1862,2,None,US,No,FALSE,FALSE,FALSE,Major General,Brigadier General,249.9999999999999,62.99999999999999,,4560.000000000003
AR004,Cane Hill,AR,C,Confederate,TM,TM62-08,Engagement,1862-11-28,1862-11-28,35.9066,-94.3998,1,1862-11-28,596.5,Autumn,1862,3,None,US,No,FALSE,FALSE,FALSE,Brigadier General,Brigadier General,44.99999999999999,42,1355.9999999999998,5991.9999999999945
AR005,Prairie Grove,AR,B,Union,TM,TM62-08,Battle,1862-12-07,1862-12-07,35.993056,-94.307778,1,1862-12-07,605.5,Winter,1862,3,None,Confederate,No,FALSE,FALSE,FALSE,Major General,Brigadier General,1317.0000000000002,1227.9466038510036,9577.692301124853,10962.1207422802
AR006,Arkansas Post,AR,C,Union,MW,MW62-08,Engagement,1863-01-09,1863-01-11,34.021,-91.349,3,1863-01-10,639.5,Winter,1863,3,Confederate,US,Partial,FALSE,FALSE,TRUE,Brigadier General,Rear Admiral,4899.999999999998,1048.5804677307992,4949.747468305836,28857.539479286414
AR007,Chalk Bluff,AR,D,Confederate,TM,TM63-03,Skirmish,1863-05-01,1863-05-02,36.4773,-90.1588,2,1863-05-02,751,Spring,1863,3,None,US,No,FALSE,FALSE,FALSE,Brigadier General,Brigadier General,,,,
AR008,Helena,AR,B,Union,MW,MW63-01,Attack,1863-07-04,1863-07-04,34.3903,-90.8697,1,1863-07-04,814.5,Summer,1863,4,None,Confederate,No,FALSE,FALSE,FALSE,Lieutenant General,Major General,1590.0000000000002,239,3705.700473594706,4114.474450036111
AR009,Devil's Backbone,AR,C,Union,TM,TM63-04,Action,1863-09-01,1863-09-01,35.1785,-94.3106,1,1863-09-01,873.5,Autumn,1863,4,None,Confederate,No,FALSE,FALSE,FALSE,Brigadier General,Colonel,17,14.637222840091885,,1918.0000000000007
AR010,Bayou Fourche,AR,B,Union,TM,TM63-08,Engagement,1863-09-10,1863-09-10,34.7154,-92.129,1,1863-09-10,882.5,Autumn,1863,4,None,US,No,FALSE,FALSE,FALSE,Brigadier General,Brigadier General,63.99999999999998,71.99999999999997,,
AR011,Pine Bluff,AR,D,Union,TM,TM63-08,Action,1863-10-25,1863-10-25,34.229957,-92.003455,1,1863-10-25,927.5,Autumn,1863,4,None,Confederate,No,FALSE,FALSE,FALSE,Brigadier General,Colonel,40,55.99999999999999,600,1200
AR012,Elkin's Ferry,AR,C,Union,TM,TM64-02,Engagement,1864-04-03,1864-04-04,33.9306,-93.3572,2,1864-04-04,1089,Spring,1864,4,None,US,No,FALSE,FALSE,FALSE,Brigadier General,Major General,35.67767829946528,31.432467291003416,1200,3622.1540552549677
AR013,Prairie D'Ane,AR,B,Union,TM,TM64-02,Skirmish,1864-04-10,1864-04-13,33.6611,-93.3008,4,1864-04-12,1097,Spring,1864,4,None,US,No,FALSE,FALSE,FALSE,Major General,Major General,49.99999999999999,60.36810736797688,520,13656.000000000007
AR014,Poison Spring,AR,C,Confederate,TM,TM64-02,Engagement,1864-04-18,1864-04-18,33.650781,-93.030681,1,1864-04-18,1103.5,Spring,1864,4,None,Confederate,No,FALSE,FALSE,FALSE,Brigadier General,Colonel,114.00000000000003,295,5217.999999999997,1637.6202245942122
AR015,Marks' Mills,AR,D,Confederate,TM,TM64-02,Action,1864-04-25,1864-04-25,33.7911,-92.2575,1,1864-04-25,1110.5,Spring,1864,4,None,Confederate,No,FALSE,FALSE,FALSE,Brigadier General,Lieutenant Colonel,293.0000000000001,681.6624790355397,7156.000000000005,2759.9999999999995
AR016,Jenkin's Ferry,AR,C,Union,TM,TM64-02,Engagement,1864-04-30,1864-04-30,34.2131,-92.5472,1,1864-04-30,1115.5,Spring,1864,4,None,Confederate,No,FALSE,FALSE,FALSE,General,Major General,443,647.6550449647636,6608.4794014962345,8085.542653403041
AR017,Old River Lake,AR,D,Union,TM,TM64-03,Engagement,1864-06-06,1864-06-06,33.268547,-91.192703,1,1864-06-06,1152.5,Summer,1864,5,None,US,No,FALSE,FALSE,FALSE,Colonel,Brigadier General,37,124.8433237023502,,7998
DC001,Fort Stevens,DC,B,Union,ME,ME64-08,Action,1864-07-11,1864-07-12,38.9641,-77.0288,2,1864-07-12,1188,Summer,1864,5,None,Confederate,No,FALSE,FALSE,FALSE,Lieutenant General,Major General,499.99999999999983,373.33303589120317,,
FL001,Santa Rosa Island,FL,C,Union,LS,LS61-02,Action,1861-10-09,1861-10-09,30.3242,-87.2817,1,1861-10-09,181.5,Autumn,1861,1,None,Confederate,No,FALSE,FALSE,FALSE,Brigadier General,Colonel,87,57.79266039472816,1200,1078.8883167408949
FL002,Tampa,FL,D,Confederate,LS,LS62-04,Bombardment,1862-06-30,1862-07-01,27.9415,-82.4559,2,1862-07-01,446,Summer,1862,2,None,US,Yes,FALSE,FALSE,TRUE,Captain,Captain,0,0,,
FL003,Saint John's Bluff,FL,D,Union,LS,LS62-06,Engagement,1862-10-01,1862-10-03,30.3852,-81.4998,3,1862-10-02,539.5,Autumn,1862,3,None,US,No,FALSE,FALSE,FALSE,Lieutenant Colonel,Brigadier General,,,,1572.9999999999998
FL004,Fort Brooke,FL,D,Union,LS,LS63-06,Engagement,1863-10-16,1863-10-18,28.0155,-82.4644,3,1863-10-17,919.5,Autumn,1863,4,None,US,Partial,FALSE,FALSE,TRUE,Captain,Lieutenant Commander,,15.999999999999998,,
FL005,Olustee,FL,B,Confederate,LS,LS64-01,Engagement,1864-02-20,1864-02-20,30.2142,-82.3886,1,1864-02-20,1045.5,Winter,1864,4,None,US,No,FALSE,FALSE,FALSE,Brigadier General,Brigadier General,941.9952625197723,1853.5523324616474,5099.019513592787,5114.999999999998
FL006,Natural Bridge,FL,C,Confederate,LS,LS65-01,Action,1865-03-06,1865-03-06,30.2839,-84.1519,1,1865-03-06,1425.5,Spring,1865,6,None,US,No,FALSE,FALSE,FALSE,Major General,Major General,25.32898509550443,81,999.9999999999998,1639.9999999999993
GA001,Fort Pulaski,GA,B,Union,LS,LS62-01,Operation,1862-04-10,1862-04-11,32.0273,-80.891,2,1862-04-11,365,Spring,1862,1,Confederate,US,No,FALSE,FALSE,FALSE,Colonel,Major General,363.99999999999994,1,,4540.000000000003
GA002,Fort Mcallister I,GA,C,Confederate,LS,LS63-01,Naval,1863-02-27,1863-03-03,32.02,-81.44,5,1863-03-01,689.5,Spring,1863,3,None,US,Yes,FALSE,FALSE,TRUE,Captain,Captain,1,0,,
GA003,Davis' Cross Roads,GA,C,Union,MW,MW63-06,Skirmish,1863-09-10,1863-09-11,34.7557,-85.368,2,1863-09-11,883,Autumn,1863,4,None,Confederate,No,FALSE,FALSE,FALSE,Major General,Major General,,37.99999999999999,,11016.000000000007
GA004,Chickamauga,GA,A,Confederate,MW,MW63-06,Battle,1863-09-18,1863-09-20,34.9176,-85.2606,3,1863-09-19,891.5,Autumn,1863,4,None,Confederate,No,FALSE,FALSE,FALSE,General,Major General,17932.830328511653,16117.579418803478,70288.43729770246,63022.77647886687
GA005,Ringgold Gap,GA,B,Confederate,MW,MW63-10,Engagement,1863-11-27,1863-11-27,34.9112,-85.1015,1,1863-11-27,960.5,Autumn,1863,4,None,US,No,FALSE,FALSE,FALSE,Major General,Major General,268.29001799893257,532.0000000000001,3863.1593288395425,17442.70621205322
GA006,Dalton I,GA,C,Confederate,MW,MW64-04,Demonstration,1864-02-22,1864-02-27,34.8031,-85.0124,6,1864-02-25,1050,Winter,1864,4,None,US,No,FALSE,FALSE,FALSE,General,Major General,139.99999999999994,289.00000000000006,,32274
GA007,Rocky Face Ridge,GA,C,Union,MW,MW64-06,Demonstration,1864-05-07,1864-05-13,34.7411,-85.0157,7,1864-05-10,1125.5,Spring,1864,5,None,US,No,FALSE,FALSE,FALSE,General,Major General,600,981.3132180170734,60000.00000000002,93640.95257952053
GA008,Resaca,GA,C,Indecisive,MW,MW64-06,Battle,1864-05-13,1864-05-15,34.5815,-84.9385,3,1864-05-14,1129.5,Spring,1864,5,None,US,No,FALSE,FALSE,FALSE,General,Major General,2799.9999999999995,3e3,60000.00000000002,122077.8719506528
GA009,Adairsville,GA,C,Confederate,MW,MW64-06,Engagement,1864-05-17,1864-05-17,34.4083,-84.9389,1,1864-05-17,1132.5,Spring,1864,5,None,US,No,FALSE,FALSE,FALSE,General,Major General,,303.5142288011217,,23435.99999999999
GA010,New Hope Church,GA,C,Confederate,MW,MW64-06,Combat,1864-05-25,1864-05-26,33.961,-84.7875,2,1864-05-26,1141,Spring,1864,5,None,US,No,FALSE,FALSE,FALSE,General,Major General,444.9605586254056,1274.2591708244088,10057.6400810528,22750.594052551714
GA011,Dallas,GA,C,Union,MW,MW64-06,Combat,1864-05-26,1864-06-01,33.9127,-84.828,7,1864-05-29,1144.5,Spring,1864,5,None,Confederate,No,FALSE,FALSE,FALSE,General,Major General,1778.4466522450302,1799.9999999999998,39999.99999999997,57113.921245174446
GA012,Pickett's Mill,GA,C,Confederate,MW,MW64-06,Combat,1864-05-27,1864-05-27,33.975,-84.759,1,1864-05-27,1142.5,Spring,1864,5,None,US,No,FALSE,FALSE,FALSE,Major General,Major General,466.0848758930788,1900.0000000000002,,23872
GA013,Marietta Operations,GA,B,Union,MW,MW64-06,Operation,1864-06-10,1864-07-03,33.9531,-84.5499,24,1864-06-22,1168,Summer,1864,5,None,US,No,FALSE,FALSE,FALSE,General,Major General,,6110.000000000001,,
GA014,Kolb's Farm,GA,C,Union,MW,MW64-06,Combat,1864-06-22,1864-06-22,33.94,-84.58,1,1864-06-22,1168.5,Summer,1864,5,None,Confederate,No,FALSE,FALSE,FALSE,Lieutenant General,Major General,999.9999999999998,700,,31873.999999999978
GA015,Kennesaw Mountain,GA,B,Confederate,MW,MW64-06,Combat,1864-06-27,1864-06-27,33.9363,-84.5979,1,1864-06-27,1173.5,Summer,1864,5,None,US,No,FALSE,FALSE,FALSE,General,Major General,699.7818197851001,2722.933610961141,17682.523120860205,15912.924852835054
GA016,Peachtree Creek,GA,B,Union,MW,MW64-06,Battle,1864-07-20,1864-07-20,33.8109,-84.4038,1,1864-07-20,1196.5,Summer,1864,5,None,Confederate,No,FALSE,FALSE,FALSE,General,Major General,3818.6272186481738,1734.9985813591204,14147.317723565859,20632.15842808934
GA017,Atlanta,GA,B,Union,MW,MW64-06,Battle,1864-07-22,1864-07-22,33.7459,-84.3488,1,1864-07-22,1198.5,Summer,1864,5,None,Confederate,No,FALSE,FALSE,FALSE,General,Major General,7804.2964615274705,3634.3970400756016,37780.45427627705,31518.84904680158
GA018,Ezra Church,GA,B,Union,MW,MW64-06,Battle,1864-07-28,1864-07-28,33.7528,-84.4392,1,1864-07-28,1204.5,Summer,1864,5,None,Confederate,No,FALSE,FALSE,FALSE,General,Major General,4039.2875831796705,773,14879.516121164677,20609.793156812524
GA019,Utoy Creek,GA,C,Indecisive,MW,MW64-06,Assault,1864-08-05,1864-08-07,33.7209,-84.4704,3,1864-08-06,1213.5,Summer,1864,5,None,US,No,FALSE,FALSE,FALSE,General,Major General,225,503.968419957949,,43275.99999999996
GA020,Dalton II,GA,D,Union,MW,MW64-06,Combat,1864-08-14,1864-08-15,34.7889,-84.9807,2,1864-08-15,1222,Summer,1864,5,None,Confederate,No,FALSE,FALSE,FALSE,Major General,Major General,,,,
GA021,Lovejoy's Station,GA,D,Confederate,MW,MW64-06,Combat,1864-08-20,1864-08-20,33.4441,-84.3084,1,1864-08-20,1227.5,Summer,1864,5,None,US,No,FALSE,FALSE,FALSE,Brigadier General,Brigadier General,239.99999999999997,237.00000000000009,,6155.999999999996
GA022,Jonesborough,GA,A,Union,MW,MW64-06,Battle,1864-08-31,1864-09-01,33.5307,-84.3621,2,1864-09-01,1239,Autumn,1864,6,None,Confederate,No,FALSE,FALSE,FALSE,Lieutenant General,Major General,2127.635842245049,1194.9803346729075,12500,81207.1425430054
GA023,Allatoona,GA,B,Union,MW,MW64-13,Engagement,1864-10-05,1864-10-05,34.116,-84.716,1,1864-10-05,1273.5,Autumn,1864,6,None,Confederate,No,FALSE,FALSE,FALSE,Major General,Brigadier General,834.4274181007095,705.9999999999999,2941.07231003673,2544.250776275568
GA025,Griswoldville,GA,B,Union,MW,MW64-12,Engagement,1864-11-22,1864-11-22,32.8668,-83.4695,1,1864-11-22,1321.5,Autumn,1864,6,None,Confederate,No,FALSE,FALSE,FALSE,Major General,Brigadier General,649.9999999999999,77.9258410020475,2999.9999999999977,3253.767047592683
GA026,Buck Head Creek,GA,C,Indecisive,MW,MW64-12,Engagement,1864-11-28,1864-11-28,32.8991,-82.0255,1,1864-11-28,1327.5,Autumn,1864,6,None,Confederate,No,FALSE,FALSE,FALSE,Major General,Brigadier General,600,46,,3418.0000000000027
GA027,Waynesborough,GA,C,Union,MW,MW64-12,Engagement,1864-12-04,1864-12-04,33.08972,-82.01583,1,1864-12-04,1333.5,Winter,1864,6,None,US,No,FALSE,FALSE,FALSE,Major General,Brigadier General,249.9999999999999,190,3238.0000000000014,5738.000000000005
GA028,Fort Mcallister II,GA,B,Union,MW,MW64-12,Engagement,1864-12-13,1864-12-13,31.8888,-81.1941,1,1864-12-13,1342.5,Winter,1864,6,None,US,No,FALSE,FALSE,FALSE,Major,Brigadier General,236.48225622144307,133.99999999999997,239.79157616563606,6118.823416311347
IN001,Corydon,IN,C,Confederate,MW,MW63-05,Skirmish,1863-07-09,1863-07-09,38.199,-86.129,1,1863-07-09,819.5,Summer,1863,4,None,Confederate,No,FALSE,FALSE,FALSE,Brigadier General,Colonel,51,360.00000000000017,1800.0000000000005,399.9999999999999
KS002,Baxter Springs,KS,C,Confederate,TM,TM63-09,Action,1863-10-06,1863-10-06,37.0308,-94.735,1,1863-10-06,908.5,Autumn,1863,4,None,Confederate,No,FALSE,FALSE,FALSE,Lieutenant Colonel,Major General,3.0000000000000004,102.99999999999997,399.9999999999999,2840.0000000000014
KS003,Mine Creek,KS,C,Union,TM,TM64-05,Engagement,1864-10-25,1864-10-25,38.141,-94.7246,1,1864-10-25,1293.5,Autumn,1864,6,None,US,No,FALSE,FALSE,FALSE,Major General,Major General,1109.9999999999995,118.16657504675015,6499.999999999995,6331.413744180673
KS004,Marais Des Cygnes,KS,C,Union,TM,TM64-05,Engagement,1864-10-25,1864-10-25,38.2552,-94.6783,1,1864-10-25,1293.5,Autumn,1864,6,None,US,No,FALSE,FALSE,FALSE,Major General,Major General,,,,15418
KY001,Barbourville,KY,D,Confederate,MW,MW61-01,Action,1861-09-19,1861-09-19,36.8611,-83.8794,1,1861-09-19,161.5,Autumn,1861,1,None,Confederate,No,FALSE,FALSE,FALSE,Colonel,Captain,4.999999999999999,15,799.9999999999999,299.99999999999994
KY002,Camp Wildcat,KY,C,Union,MW,MW61-01,Action,1861-10-21,1861-10-21,37.2634,-84.1996,1,1861-10-21,193.5,Autumn,1861,1,None,US,No,FALSE,FALSE,FALSE,Brigadier General,Brigadier General,53.00000000000001,35.88880297812181,,4425.607302958545
KY003,Ivy Mountain,KY,D,Indecisive,MW,MW61-01,Engagement,1861-11-08,1861-11-09,37.5956,-82.6733,2,1861-11-09,212,Autumn,1861,1,None,Confederate,No,FALSE,FALSE,FALSE,Colonel,Brigadier General,263.00000000000006,30.000000000000004,1009.9999999999995,1560.0000000000005
KY004,Rowlett's Station,KY,D,Indecisive,MW,MW61-01,Action,1861-12-17,1861-12-17,37.2498,-85.8935,1,1861-12-17,250.5,Winter,1861,1,None,US,No,FALSE,FALSE,FALSE,Brigadier General,Colonel,90.99999999999997,37.13271066890223,1350.0000000000005,520
KY005,Middle Creek,KY,C,Indecisive,MW,MW62-01,Engagement,1862-01-10,1862-01-10,37.6507,-82.8147,1,1862-01-10,274.5,Winter,1862,1,None,US,No,FALSE,FALSE,FALSE,Brigadier General,Colonel,64.99999999999999,40.99999999999999,520,2980.000000000001
KY006,Mill Springs,KY,B,Union,MW,MW62-01,Engagement,1862-01-19,1862-01-19,37.0562,-84.7383,1,1862-01-19,283.5,Winter,1862,1,None,Confederate,No,FALSE,FALSE,FALSE,Major General,Brigadier General,567.1015093577892,256.6056793375327,4766.718239025194,4855.190315220781
KY007,Richmond,KY,B,Confederate,MW,MW62-04,Battle,1862-08-29,1862-08-30,37.6848,-84.2594,2,1862-08-30,506,Summer,1862,2,Union,Confederate,No,FALSE,FALSE,FALSE,Major General,Major General,450.9999999999999,5258.40866796364,6327.995009167401,6505.994470043465
KY008,Munfordville,KY,B,Confederate,MW,MW62-04,Siege,1862-09-14,1862-09-17,37.2622,-85.8901,4,1862-09-16,523,Autumn,1862,3,Union,Confederate,No,FALSE,FALSE,FALSE,General,Colonel,451.0986588319675,3977.778581786415,7279.9999999999945,3977.778581786415
KY009,Perryville,KY,A,Union,MW,MW62-04,Battle,1862-10-08,1862-10-08,37.6752,-84.9711,1,1862-10-08,545.5,Autumn,1862,3,None,US,No,FALSE,FALSE,FALSE,General,Major General,3396.9530639683,4233.789359526265,16936.86976392396,36292.4580767063
KY010,Paducah,KY,C,Confederate,MW,MW64-05,Attack,1864-03-25,1864-03-25,37.0931,-88.6058,1,1864-03-25,1079.5,Spring,1864,4,None,Confederate,No,FALSE,FALSE,FALSE,Major General,Colonel,49.99999999999999,62.402514691557116,2999.9999999999977,1007.2983669201495
KY011,Cynthiana,KY,C,Union,MW,MW64-07,Action,1864-06-11,1864-06-12,38.407,-84.3056,2,1864-06-12,1158,Summer,1864,5,None,Confederate,No,FALSE,FALSE,FALSE,Brigadier General,Brigadier General,999.9999999999998,483.21542626584494,,6640
LA001,Forts Jackson and Saint Philip,LA,A,Union,LS,LS62-02,Bombardment & Capture,1862-04-18,1862-04-28,29.3573,-89.4594,11,1862-04-23,377.5,Spring,1862,1,Confederate,US,Yes,FALSE,FALSE,TRUE,Brigadier General,Flag Officer,782.0000000000001,229.00000000000006,1099.9999999999995,229.00000000000006
LA003,Baton Rouge,LA,B,Union,LS,LS62-05,Engagement,1862-08-05,1862-08-05,30.451,-91.1676,1,1862-08-05,481.5,Summer,1862,2,None,Confederate,No,FALSE,FALSE,FALSE,Major General,Brigadier General,454.4961952065767,383,4385.749650857881,2466.7792767088026
LA004,Donaldsonville I,LA,D,Union,LS,LS62-05,Bombardment,1862-08-09,1862-08-09,30.1,-90.99,1,1862-08-09,485.5,Summer,1862,2,None,US,No,FALSE,FALSE,TRUE,Captain,Rear Admiral,0,0,,520
LA005,Georgia Landing,LA,C,Union,LS,LS62-07,Action,1862-10-27,1862-10-27,29.8604,-90.9811,1,1862-10-27,564.5,Autumn,1862,3,None,US,No,FALSE,FALSE,FALSE,Brigadier General,Brigadier General,229.00000000000006,97.00000000000003,1392.0000000000005,3486.5455683240366
LA006,Fort Bisland,LA,D,Union,LS,LS63-02,Engagement,1863-04-12,1863-04-13,29.7101,-91.351,2,1863-04-13,732,Spring,1863,3,None,US,No,FALSE,FALSE,FALSE,Major General,Major General,450.00000000000006,223.99999999999994,450.00000000000006,10210.999999999995
LA007,Irish Bend,LA,C,Union,LS,LS63-02,Engagement,1863-04-14,1863-04-14,29.8116,-91.4615,1,1863-04-14,733.5,Spring,1863,3,None,Confederate,No,FALSE,FALSE,FALSE,Major General,Brigadier General,,353.00000000000006,,6593.999999999995
LA008,Vermillion Bayou,LA,D,Union,LS,LS63-02,Action,1863-04-17,1863-04-17,30.1955,-92.0143,1,1863-04-17,736.5,Spring,1863,3,None,US,No,FALSE,FALSE,FALSE,Major General,Brigadier General,,,,5614.999999999999
LA009,Plains Store,LA,C,Union,LS,LS63-04,Action,1863-05-21,1863-05-21,30.69,-91.206,1,1863-05-21,770.5,Spring,1863,3,None,US,No,FALSE,FALSE,FALSE,Colonel,Major General,100.00000000000004,100,,5675.999999999995
LA010,Port Hudson,LA,A,Union,LS,LS63-04,Siege,1863-05-22,1863-07-09,30.6939,-91.2764,49,1863-06-15,795.5,Summer,1863,4,Confederate,US,No,TRUE,FALSE,FALSE,Major General,Major General,6963.0000000000055,4071.452695685609,8007.7843501132165,28645.70909771647
LA011,Milliken's Bend,LA,C,Union,MW,MW63-01,Attack,1863-06-07,1863-06-07,32.44,-91.1,1,1863-06-07,787.5,Summer,1863,3,None,Confederate,No,FALSE,FALSE,FALSE,Brigadier General,Colonel,652.0000000000001,567.4227391986512,,2540.0000000000005
LA012,LaFourche Crossing,LA,D,Union,LS,LS63-05,Engagement,1863-06-20,1863-06-21,29.7668,-90.7646,2,1863-06-21,801,Summer,1863,3,None,Confederate,No,FALSE,FALSE,FALSE,Colonel,Lieutenant Colonel,219.00000000000003,48.99999999999999,,1545.1414174760837
LA013,Donaldsonville II,LA,D,Indecisive,LS,LS63-05,Attack,1863-06-28,1863-06-28,30.1083,-90.9914,1,1863-06-28,808.5,Summer,1863,3,None,Confederate,No,FALSE,FALSE,FALSE,Brigadier General,Major,287.02815508041306,23.328615826329386,799.9999999999999,342.05262752974136
LA014,Goddrich's Landing,LA,D,Indecisive,MW,MW63-01,Attack,1863-06-29,1863-06-30,32.7432,-91.1791,2,1863-06-30,810,Summer,1863,3,None,Confederate,No,FALSE,FALSE,FALSE,Colonel,Brigadier General,6,44.814047465571626,,118.00000000000004
LA015,Kock's Plantation,LA,C,Confederate,LS,LS63-05,Engagement,1863-07-12,1863-07-15,30.0865,-91.0295,4,1863-07-14,824,Summer,1863,4,None,US,No,FALSE,FALSE,FALSE,Brigadier General,Brigadier General,33,461.9150262212919,4462.771999999997,5334.366588077725
LA016,Stirling's Plantation,LA,D,Confederate,LS,LS63-05,Action,1863-09-29,1863-09-29,30.6834,-91.6596,1,1863-09-29,901.5,Autumn,1863,4,Union,Confederate,No,FALSE,FALSE,FALSE,Brigadier General,Major General,121.00000000000003,514.4997243659584,,2314.000000000001
LA017,Fort DeRussy,LA,B,Union,TM,TM64-01,Capture,1864-03-14,1864-03-14,31.1838,-92.0544,1,1864-03-14,1068.5,Spring,1864,4,Confederate,US,No,FALSE,FALSE,FALSE,Lieutenant Colonel,Brigadier General,269,44.403992823292384,349.9999999999999,11912.000000000007
LA018,Mansfield,LA,A,Confederate,TM,TM64-01,Engagement,1864-04-08,1864-04-08,32.0121,-93.6652,1,1864-04-08,1093.5,Spring,1864,4,None,US,No,FALSE,FALSE,FALSE,Major General,Major General,1151.555848912132,2774.0047520218113,6679.575432874679,14527.115334228998
LA019,Pleasant Hill,LA,B,Union,TM,TM64-01,Engagement,1864-04-09,1864-04-09,31.851,-93.51,1,1864-04-09,1094.5,Spring,1864,4,None,Confederate,No,FALSE,FALSE,FALSE,Major General,Major General,1667.6180058155796,1606.0605314664233,11122.642685318788,14393.93049651219
LA020,Blair's Landing,LA,C,Union,TM,TM64-01,Engagement,1864-04-12,1864-04-12,31.941,-93.289,1,1864-04-12,1097.5,Spring,1864,4,None,Confederate,No,FALSE,FALSE,TRUE,Brigadier General,Rear Admiral,57.00000000000001,59.999999999999986,,4658.000000000002
LA021,Monett's Ferry,LA,D,Union,TM,TM64-01,Engagement,1864-04-23,1864-04-23,31.498,-92.857,1,1864-04-23,1108.5,Spring,1864,4,None,US,No,FALSE,FALSE,FALSE,Brigadier General,Major General,399.9999999999999,199.99999999999991,,22249.999999999985
LA022,Mansura,LA,C,Union,TM,TM64-01,Engagement,1864-05-16,1864-05-16,31.055,-92.0478,1,1864-05-16,1131.5,Spring,1864,5,None,US,No,FALSE,FALSE,FALSE,Major General,Major General,,,,32526
LA023,Yellow Bayou,LA,C,Union,TM,TM64-01,Engagement,1864-05-18,1864-05-18,30.9985,-91.8668,1,1864-05-18,1133.5,Spring,1864,5,None,US,No,FALSE,FALSE,FALSE,Major General,Brigadier General,533.680329744389,321.00000000000006,5000.000000000004,7387.15100698504
MD001,Hancock,MD,D,Indecisive,ME,ME62-01,Bombardment,1862-01-05,1862-01-06,39.6957,-78.177,2,1862-01-06,270,Winter,1862,1,None,Confederate,No,FALSE,FALSE,FALSE,Major General,Brigadier General,,,,
MD002,South Mountain,MD,B,Indecisive,ME,ME62-06,Battle,1862-09-14,1862-09-14,39.485,-77.6216,1,1862-09-14,521.5,Autumn,1862,2,None,US,No,FALSE,FALSE,FALSE,General,Major General,2685.0000000000005,2054.88745374503,15500.618800563223,30479.981777362784
MD003,Antietam,MD,A,Indecisive,ME,ME62-06,Battle,1862-09-16,1862-09-17,39.4732,-77.7447,2,1862-09-17,524,Autumn,1862,3,None,US,No,FALSE,FALSE,FALSE,General,Major General,11291.488342556473,12411.564696302483,42470.20671124196,81200.57617766624
MD004,Williamsport,MD,C,Indecisive,ME,ME63-04,Action,1863-07-06,1863-07-06,39.6333,-77.7167,1,1863-07-06,816.5,Summer,1863,4,None,US,No,FALSE,FALSE,FALSE,General,Major General,254.00000000000006,212.94121841888872,1119.9999999999998,14097.00000000001
MD006,Boonsboro,MD,D,Indecisive,ME,ME63-04,Action,1863-07-08,1863-07-08,39.5254,-77.6632,1,1863-07-08,818.5,Summer,1863,4,None,US,No,FALSE,FALSE,FALSE,Major General,Major General,920.0000000000003,80,,14399.999999999995
MD007,Monocacy,MD,B,Confederate,ME,ME64-08,Battle,1864-07-09,1864-07-09,39.3711,-77.392,1,1864-07-09,1185.5,Summer,1864,5,None,US,No,FALSE,FALSE,FALSE,Lieutenant General,Major General,694.2503429425074,1552.0828816847184,14e3,7057.563567409979
MD008,Folck's Mill,MD,D,Indecisive,ME,ME64-08,Attack,1864-08-01,1864-08-01,39.6639,-78.753,1,1864-08-01,1208.5,Summer,1864,5,None,US,No,FALSE,FALSE,FALSE,Brigadier General,Brigadier General,30.000000000000004,12.164403991146802,,2459.9999999999995
MO001,Boonville,MO,C,Union,TM,TM61-01,Engagement,1861-06-17,1861-06-17,38.9765,-92.743,1,1861-06-17,67.5,Summer,1861,1,None,US,No,FALSE,FALSE,FALSE,Colonel,Brigadier General,22.360679774997894,19.19105486095036,,1090.0917392586734
MO002,Carthage,MO,C,Confederate,TM,TM61-01,Engagement,1861-07-05,1861-07-05,37.2,-94.34,1,1861-07-05,85.5,Summer,1861,1,None,Confederate,No,FALSE,FALSE,FALSE,Governor,Colonel,103.07764277990213,60.83099493980084,5999.999999999995,1195.8260743101391
MO003,Liberty,MO,D,Confederate,TM,TM61-01,Action,1861-09-17,1861-09-17,39.1931,-94.3842,1,1861-09-17,159.5,Autumn,1861,1,None,US,No,FALSE,FALSE,FALSE,General,Lieutenant Colonel,70.00000000000003,55.78488904510199,,266.0826939130013
MO004,Wilson's Creek,MO,A,Confederate,TM,TM61-01,Battle,1861-08-10,1861-08-10,37.101,-93.4078,1,1861-08-10,121.5,Summer,1861,1,None,US,No,FALSE,FALSE,FALSE,Major General,Major General,908.9314638895708,1244.800195044564,8709.989678384434,5316.732578267781
MO005,Dry Wood Creek,MO,D,Confederate,TM,TM61-01,Action,1861-09-02,1861-09-02,37.8197,-94.4862,1,1861-09-02,144.5,Autumn,1861,1,None,US,No,FALSE,FALSE,FALSE,Major General,Colonel,,13.658399388865801,5999.999999999995,1072.7534665523115
MO006,Lexington I,MO,C,Confederate,TM,TM61-01,Siege,1861-09-13,1861-09-20,39.1915,-93.8786,8,1861-09-17,159,Autumn,1861,1,Union,Confederate,No,FALSE,FALSE,FALSE,Major General,Colonel,100.00000000000004,1774.0000000000002,11999.999999999993,3627.671429443411
MO007,Fredericktown,MO,D,Union,TM,TM61-01,Engagement,1861-10-21,1861-10-21,37.5434,-90.2969,1,1861-10-21,193.5,Autumn,1861,1,None,Confederate,No,FALSE,FALSE,FALSE,Brigadier General,Colonel,62.00000000000001,65.99999999999997,,3534.11940941446
MO008,Springfield I,MO,D,Union,TM,TM61-01,Action,1861-10-25,1861-10-25,37.2035,-93.3205,1,1861-10-25,197.5,Autumn,1861,1,None,US,No,FALSE,FALSE,FALSE,Colonel,Major,133,73.5190997303407,,600
MO009,Belmont,MO,C,Union,MW,MW61-02,Engagement,1861-11-07,1861-11-07,36.7657,-89.124,1,1861-11-07,210.5,Autumn,1861,1,None,US,No,FALSE,FALSE,FALSE,Brigadier General,Brigadier General,640.9999999999999,503.48506859892103,4855.17921943251,3147.213825637855
MO011,Roan's Tan Yard,MO,D,Union,TM,TM61-03,Action,1862-01-08,1862-01-08,39.3246,-92.5584,1,1862-01-08,272.5,Winter,1862,1,None,US,No,FALSE,FALSE,FALSE,Colonel,Major,79.99999999999997,14.462447418811124,,1052.7820287219952
MO013,Kirksville,MO,D,Union,TM,TM62-05,Action,1862-08-06,1862-08-09,40.19,-92.6,4,1862-08-08,484,Summer,1862,2,None,US,No,FALSE,FALSE,FALSE,Colonel,Colonel,368.0000000000001,88.00000000000003,2499.9999999999995,947.6286192385712
MO014,Independence I,MO,D,Confederate,TM,TM62-05,Action,1862-08-11,1862-08-11,39.0938,-94.4168,1,1862-08-11,487.5,Summer,1862,2,Union,Confederate,No,FALSE,FALSE,FALSE,Colonel,Lieutenant Colonel,,344.00000000000006,749.9999999999999,529.9056519796709
MO015,Lone Jack,MO,D,Confederate,TM,TM62-05,Action,1862-08-15,1862-08-16,38.8706,-94.1881,2,1862-08-16,492,Summer,1862,2,None,US,No,FALSE,FALSE,FALSE,Colonel,Major,110.00000000000004,159.99999999999994,,1501.4659503298765
MO016,Newtonia I,MO,C,Confederate,TM,TM62-05,Engagement,1862-09-30,1862-09-30,36.8836,-94.1845,1,1862-09-30,537.5,Autumn,1862,3,None,US,No,FALSE,FALSE,FALSE,Colonel,Brigadier General,78,245,,2692.768092502581
MO017,Clark's Mill,MO,D,Confederate,TM,TM62-05,Action,1862-11-07,1862-11-07,36.9207,-92.4888,1,1862-11-07,575.5,Autumn,1862,3,Union,US,No,FALSE,FALSE,FALSE,Colonel,Captain,34.00000000000001,119.30145812734654,999.9999999999998,119.30145812734654
MO018,Springfield II,MO,D,Union,TM,TM63-02,Engagement,1863-01-08,1863-01-08,37.195,-93.3021,1,1863-01-08,637.5,Winter,1863,3,None,Confederate,No,FALSE,FALSE,FALSE,Brigadier General,Brigadier General,239.99999999999997,165,,2154.0659228538016
MO019,Hartville,MO,D,Confederate,TM,TM63-02,Engagement,1863-01-09,1863-01-11,37.2511,-92.5111,3,1863-01-10,639.5,Winter,1863,3,None,Confederate,No,FALSE,FALSE,FALSE,Brigadier General,Colonel,329,74.74165738677391,,1284.756786321831
MO020,Cape Girardeau,MO,D,Union,TM,TM63-03,Action,1863-04-26,1863-04-26,37.3132,-89.5514,1,1863-04-26,745.5,Spring,1863,3,None,Confederate,No,FALSE,FALSE,FALSE,Brigadier General,Brigadier General,324.99999999999994,12,,2704.440792474481
MO021,Fort Davidson,MO,B,Union,TM,TM64-05,Attack,1864-09-26,1864-09-28,37.6194,-90.6415,3,1864-09-27,1265.5,Autumn,1864,6,None,Confederate,No,FALSE,FALSE,FALSE,Major General,Brigadier General,1105.2094495921162,184.982656054816,11999.999999999993,1696.4669168598593
MO023,Lexington II,MO,D,Confederate,TM,TM64-05,Action,1864-10-19,1864-10-19,39.1831,-93.875,1,1864-10-19,1287.5,Autumn,1864,6,None,Confederate,No,FALSE,FALSE,FALSE,Major General,Major General,,,,4720.000000000004
MO024,Little Blue River,MO,D,Confederate,TM,TM64-05,Action,1864-10-21,1864-10-21,39.1369,-94.3139,1,1864-10-21,1289.5,Autumn,1864,6,None,Confederate,No,FALSE,FALSE,FALSE,Major General,Major General,,115.00000000000003,,
MO025,Independence II,MO,C,Confederate,TM,TM64-05,Action,1864-10-22,1864-10-22,39.0856,-94.4412,1,1864-10-22,1290.5,Autumn,1864,6,None,Confederate,No,FALSE,FALSE,FALSE,Brigadier General,Major General,139.99999999999994,82.99999999999999,,11399.999999999996
MO026,Byram's Ford,MO,B,Union,TM,TM64-05,Engagement,1864-10-22,1864-10-23,39.0228,-94.5307,2,1864-10-23,1291,Autumn,1864,6,None,Confederate,No,FALSE,FALSE,FALSE,Brigadier General,Major General,,,,14635.999999999987
MO027,Westport,MO,A,Union,TM,TM64-05,Engagement,1864-10-23,1864-10-23,39.03,-94.5944,1,1864-10-23,1291.5,Autumn,1864,6,None,Confederate,No,FALSE,FALSE,FALSE,Major General,Major General,1034.4651721148193,1040.041911525952,9000.000000000004,16392.681293796923
MO028,Marmiton River,MO,D,Union,TM,TM64-05,Engagement,1864-10-25,1864-10-25,37.8717,-94.6153,1,1864-10-25,1293.5,Autumn,1864,6,None,US,No,FALSE,FALSE,FALSE,Major General,Brigadier General,,,,14635.999999999987
MO029,Newtonia II,MO,B,Union,TM,TM64-05,Engagement,1864-10-28,1864-10-28,36.8739,-94.1903,1,1864-10-28,1296.5,Autumn,1864,6,None,US,No,FALSE,FALSE,FALSE,Major General,Major General,24.000000000000004,26.000000000000004,1238.0000000000002,6717.999999999994
MS001,Iuka,MS,C,Union,MW,MW62-05,Engagement,1862-09-19,1862-09-19,34.7936,-88.2101,1,1862-09-19,526.5,Autumn,1862,3,None,US,No,FALSE,FALSE,FALSE,Major General,Major General,1015.5838471788516,785.8929859692049,3192.9846314277574,4326.748710922226
MS002,Corinth II,MS,A,Union,MW,MW62-05,Battle,1862-10-03,1862-10-04,34.9406,-88.5306,2,1862-10-04,541,Autumn,1862,3,None,Confederate,No,FALSE,FALSE,FALSE,Major General,Major General,4232.999999999999,2484.839541781068,21928.270946238154,22633.998588281032
MS003,Chickasaw Bayou,MS,B,Confederate,MW,MW62-08,Assault,1862-12-26,1862-12-29,32.399,-90.854,4,1862-12-28,626,Winter,1862,3,None,US,No,FALSE,FALSE,FALSE,Lieutenant General,Major General,200.09358672653062,1802.0283692784435,11530.899304038317,29244.976846465535
MS004,Grand Gulf,MS,C,Confederate,MW,MW63-01,Engagement,1863-04-29,1863-04-29,32.0292,-91.0561,1,1863-04-29,748.5,Spring,1863,3,None,US,No,FALSE,FALSE,TRUE,Brigadier General,Rear Admiral,,79.99999999999997,,
MS005,Snyder's Bluff,MS,D,Confederate,MW,MW63-01,Engagement,1863-04-29,1863-05-01,32.4964,-90.8,3,1863-04-30,749.5,Spring,1863,3,None,US,No,FALSE,FALSE,FALSE,Brigadier General,Major General,,,520,8096.999999999996
MS006,Port Gibson,MS,B,Union,MW,MW63-01,Battle,1863-05-01,1863-05-01,31.9557,-91.0228,1,1863-05-01,750.5,Spring,1863,3,None,US,No,FALSE,FALSE,FALSE,Brigadier General,Major General,816.3881334374737,867.718766734259,6422.18860885431,24821.016588872095
MS007,Raymond,MS,B,Union,MW,MW63-01,Engagement,1863-05-12,1863-05-12,32.2453,-90.4333,1,1863-05-12,761.5,Spring,1863,3,None,US,No,FALSE,FALSE,FALSE,Brigadier General,Major General,513.9999999999999,441.9999999999999,3101.975847566139,16336.118734553835
MS008,Jackson,MS,B,Union,MW,MW63-01,Engagement,1863-05-14,1863-05-14,32.324,-90.236,1,1863-05-14,763.5,Spring,1863,3,None,US,No,FALSE,FALSE,FALSE,General,Major General,201,310.17883078035356,5999.999999999995,26060.026861075916
MS009,Champion Hill,MS,A,Union,MW,MW63-01,Battle,1863-05-16,1863-05-16,32.3296,-90.5303,1,1863-05-16,765.5,Spring,1863,3,None,US,No,FALSE,FALSE,FALSE,Lieutenant General,Major General,3773.9124400523683,2367.0772078989726,19534.76781614319,31396.442103492995
MS010,Big Black River Bridge,MS,B,Union,MW,MW63-01,Engagement,1863-05-17,1863-05-17,32.3471,-90.7043,1,1863-05-17,766.5,Spring,1863,3,None,US,No,FALSE,FALSE,FALSE,Brigadier General,Major General,1751.0000000000002,279.00000000000006,2672.1592766899207,11474.40815449755
MS011,Vicksburg,MS,A,Union,MW,MW63-01,Siege,1863-05-18,1863-07-04,32.3436,-90.8511,48,1863-06-11,791,Summer,1863,4,Confederate,US,No,TRUE,FALSE,FALSE,Lieutenant General,Major General,32246.524348595125,3004.123848942226,32246.524348595125,83252.43618478403
MS012,Meridian,MS,C,Union,MW,MW64-03,Occupation,1864-02-14,1864-02-20,32.3654,-88.7043,7,1864-02-17,1042.5,Winter,1864,4,None,US,No,FALSE,FALSE,FALSE,Lieutenant General,Major General,,170.00000000000006,,30540.00000000001
MS013,Okolona,MS,B,Confederate,MW,MW64-03,Engagement,1864-02-22,1864-02-22,34.0021,-88.7556,1,1864-02-22,1047.5,Winter,1864,4,None,Confederate,No,FALSE,FALSE,FALSE,Major General,Brigadier General,144,388.00000000000006,600,8213.768927843052
MS014,Brices Cross Roads,MS,B,Confederate,MW,MW64-08,Engagement,1864-06-10,1864-06-10,34.506100000000004,-88.7289,1,1864-06-10,1156.5,Summer,1864,5,None,Confederate,No,FALSE,FALSE,FALSE,Major General,Brigadier General,519.6284433626139,2240,3360.748132729213,9643.550685501596
MS015,Tupelo,MS,B,Union,MW,MW64-08,Engagement,1864-07-14,1864-07-15,34.2557,-88.7377,2,1864-07-15,1191,Summer,1864,5,None,Confederate,No,FALSE,FALSE,FALSE,Lieutenant General,Major General,1352.204202311537,609.9028274184426,7503.109821467614,15492.330643045043
MS016,Corinth I,MS,B,Union,MW,MW62-02,Advance & Siege,1862-04-29,1862-05-30,34.934,-88.522,32,1862-05-15,399,Spring,1862,1,None,US,No,TRUE,FALSE,FALSE,General,Major General,999.9999999999998,999.9999999999998,,94166.99999999999
NC001,Hatteras Inlet Batteries,NC,C,Union,ME,ME61-04,Capture,1861-08-28,1861-08-29,35.1864,-75.7645,2,1861-08-29,140,Summer,1861,1,Confederate,US,Partial,FALSE,FALSE,FALSE,Colonel,Major General,669.9999999999999,3.0000000000000004,900.0000000000001,1999.9999999999998
NC002,Roanoke Island,NC,B,Union,ME,ME62-02,Battle,1862-02-07,1862-02-08,35.8783,-75.6678,2,1862-02-08,303,Winter,1862,1,Confederate,US,Partial,FALSE,FALSE,FALSE,Brigadier General,Brigadier General,2625.7684362976233,264.9618402473738,2999.9999999999977,9874.208829065738
NC003,New Berne,NC,B,Union,ME,ME62-02,Battle,1862-03-14,1862-03-14,35.0428,-77.0148,1,1862-03-14,337.5,Spring,1862,1,None,US,Partial,FALSE,FALSE,FALSE,Brigadier General,Brigadier General,593.1672014020457,492.4420694181562,4837.354648979127,8623.224454924048
NC004,Fort Macon,NC,C,Union,ME,ME62-02,Siege,1862-03-23,1862-04-26,34.696111,-76.678889,35,1862-04-09,363.5,Spring,1862,1,Confederate,US,Partial,TRUE,FALSE,FALSE,Lieutenant Colonel,Brigadier General,439.00000000000006,4.762203155904598,,1796.0000000000007
NC005,South Mills,NC,D,Indecisive,ME,ME62-02,Engagement,1862-04-19,1862-04-19,36.4304,-76.3033,1,1862-04-19,373.5,Spring,1862,1,None,US,No,FALSE,FALSE,FALSE,Colonel,Brigadier General,27.999999999999996,127.00000000000003,,3499.9999999999995
NC006,Tranter's Creek,NC,D,Union,ME,ME62-02,Action,1862-06-05,1862-06-05,35.6186,-77.1431,1,1862-06-05,420.5,Summer,1862,1,None,US,No,FALSE,FALSE,FALSE,Colonel,Lieutenant Colonel,,17.999999999999996,,1119.9999999999998
NC007,Kinston,NC,D,Union,ME,ME62-08,Engagement,1862-12-14,1862-12-14,35.2441,-77.5847,1,1862-12-14,612.5,Winter,1862,3,None,US,No,FALSE,FALSE,FALSE,Brigadier General,Brigadier General,738.9999999999998,314.40666944668135,2600,12372.00000000001
NC008,White Hall,NC,D,Indecisive,ME,ME62-08,Engagement,1862-12-16,1862-12-16,35.2272,-77.8464,1,1862-12-16,614.5,Winter,1862,3,None,US,No,FALSE,FALSE,FALSE,Brigadier General,Brigadier General,,,,
NC009,Goldsborough Bridge,NC,C,Union,ME,ME62-08,Engagement,1862-12-17,1862-12-17,35.3396,-78.0288,1,1862-12-17,615.5,Winter,1862,3,None,US,No,FALSE,FALSE,FALSE,Brigadier General,Brigadier General,,,1040,12372.00000000001
NC010,Fort Anderson,NC,D,Union,ME,ME63-01,Attack,1863-03-13,1863-03-15,35.1383,-77.0358,3,1863-03-14,702.5,Spring,1863,3,None,Confederate,No,FALSE,FALSE,FALSE,Major General,Lieutenant Colonel,,6,,
NC011,Washington,NC,D,Indecisive,ME,ME63-01,Siege,1863-03-30,1863-04-20,35.5443,-77.0601,22,1863-04-10,729,Spring,1863,3,None,Confederate,No,TRUE,FALSE,FALSE,Major General,Brigadier General,,24.999999999999996,,3059.9999999999977
NC012,Plymouth,NC,C,Confederate,ME,ME64-03,Capture,1864-04-17,1864-04-20,35.8665,-76.7519,4,1864-04-19,1104,Spring,1864,4,Union,Confederate,Partial,FALSE,FALSE,FALSE,Major General,Colonel,355.6893304490063,2143.648947356502,8037.999999999995,2453.0000000000005
NC013,Albemarle Sound,NC,C,Indecisive,ME,ME64-03,Engagement,1864-05-05,1864-05-05,35.978561,-76.536942,1,1864-05-05,1120.5,Spring,1864,5,None,Confederate,Yes,FALSE,TRUE,TRUE,Commander,Captain,,,,1420.0000000000005
NC014,Fort Fisher I,NC,C,Confederate,ME,ME64-11,Expedition,1864-12-07,1864-12-27,33.9715,-77.918,21,1864-12-17,1346.5,Winter,1864,6,None,US,Partial,TRUE,FALSE,TRUE,Major General,Rear Admiral,,,,
NC015,Fort Fisher II,NC,A,Union,ME,ME65-01,Expedition,1865-01-13,1865-01-15,33.9715,-77.918,3,1865-01-14,1374.5,Winter,1865,6,Confederate,US,Partial,FALSE,FALSE,TRUE,General,Rear Admiral,1895.4217300787063,1036.5978913013532,2387.4672772626636,9814.275317108242
NC016,Wilmington,NC,D,Union,ME,ME65-01,Occupation,1865-02-11,1865-02-22,34.1795,-77.954,12,1865-02-17,1408,Winter,1865,6,None,US,No,FALSE,FALSE,FALSE,General,Major General,,,6600.000000000001,18201.5383965202
NC017,Wyse Fork,NC,D,Union,MW,MW65-01,Battle,1865-03-07,1865-03-10,35.224,-77.5297,4,1865-03-09,1428,Spring,1865,6,None,US,No,FALSE,FALSE,FALSE,General,Major General,1500,1278.3878298880409,8500.000000000005,12617.547802286586
NC018,Monroe's Cross Roads,NC,D,Indecisive,MW,MW65-01,Engagement,1865-03-10,1865-03-10,35.1259,-79.2032,1,1865-03-10,1429.5,Spring,1865,6,None,US,No,FALSE,FALSE,FALSE,Lieutenant General,Brigadier General,85.99999999999997,183,3049.9999999999986,1849.9999999999995
NC019,Averasborough,NC,C,Indecisive,MW,MW65-01,Battle,1865-03-16,1865-03-16,35.2661,-78.6721,1,1865-03-16,1435.5,Spring,1865,6,None,US,No,FALSE,FALSE,FALSE,Lieutenant General,Major General,865.0000000000002,661.586285283322,4273.69363517213,27608.79753337934
NC020,Bentonville,NC,A,Union,MW,MW65-01,Battle,1865-03-19,1865-03-21,35.2532,-78.6708,3,1865-03-20,1439.5,Spring,1865,6,None,US,No,FALSE,FALSE,FALSE,General,Major General,2410.773497203146,1500.6020044490315,19714.4223750048,57737.3011697103
NM001,Valverde,NM,B,Confederate,TM,TM62-01,Engagement,1862-02-20,1862-02-21,33.692614,-106.914822,2,1862-02-21,316,Winter,1862,1,None,US,No,FALSE,FALSE,FALSE,Brigadier General,Colonel,187.00000000000003,261.49290204927155,2746.8163389640736,3086.2598724021946
NM002,Glorieta Pass,NM,A,Union,TM,TM62-01,Engagement,1862-03-26,1862-03-28,35.5722,-105.754,3,1862-03-27,350.5,Spring,1862,1,None,US,No,FALSE,FALSE,FALSE,Lieutenant Colonel,Colonel,216.90202216065518,148.0299643719316,1098.1803130633873,1320.8330704521302
OH001,Buffington Island,OH,C,Union,MW,MW63-05,Engagement,1863-07-19,1863-07-19,38.991111,-81.771389,1,1863-07-19,829.5,Summer,1863,4,Confederate,US,No,FALSE,FALSE,FALSE,Brigadier General,Brigadier General,900.0000000000001,24.999999999999996,1699.9999999999993,4824.313422654048
OH002,Salineville,OH,D,Union,MW,MW63-05,Skirmish,1863-07-26,1863-07-26,40.6206,-80.9017,1,1863-07-26,836.5,Summer,1863,4,Confederate,US,No,FALSE,FALSE,FALSE,Brigadier General,Brigadier General,363.99999999999994,0,399.9999999999999,1248.9995996796797
PA001,Hanover,PA,C,Indecisive,ME,ME63-04,Action,1863-06-30,1863-06-30,39.801,-76.9825,1,1863-06-30,810.5,Summer,1863,3,None,Confederate,No,FALSE,FALSE,FALSE,Major General,Brigadier General,116.99999999999997,214.99999999999994,,6236.000000000002
PA002,Gettysburg,PA,A,Union,ME,ME63-04,Battle,1863-07-01,1863-07-03,39.8112,-77.2249,3,1863-07-02,812.5,Summer,1863,4,None,Confederate,No,FALSE,FALSE,FALSE,General,Major General,25879.973659719602,23032.65647292433,73191.49248114972,94684.0483594989
SC002,Secessionville,SC,B,Confederate,LS,LS62-03,Engagement,1862-06-16,1862-06-16,32.7039,-79.9481,1,1862-06-16,431.5,Summer,1862,1,None,US,No,FALSE,FALSE,FALSE,Brigadier General,Brigadier General,204,681.6866207944165,2777.574591040602,6009.8289465649805
SC003,Simmon's Bluff,SC,D,Union,LS,LS62-03,Engagement,1862-06-21,1862-06-21,32.6953,-80.2281,1,1862-06-21,436.5,Summer,1862,1,None,US,No,FALSE,FALSE,FALSE,Colonel,Lieutenant,0,0,,
SC004,Charleston Harbor I,SC,C,Confederate,LS,LS63-03,Engagement,1863-04-07,1863-04-07,32.7526,-79.8745,1,1863-04-07,726.5,Spring,1863,3,None,US,Yes,FALSE,FALSE,TRUE,General,Rear Admiral,13.999999999999996,22.000000000000004,,520
SC005,Fort Wagner I,SC,D,Confederate,LS,LS63-03,Assault,1863-07-10,1863-07-11,32.73,-79.871,2,1863-07-11,821,Summer,1863,4,None,US,No,FALSE,FALSE,FALSE,General,Brigadier General,214.99999999999997,339,1500,6671.206787381117
SC006,Grimball's Island,SC,D,Indecisive,LS,LS63-03,Engagement,1863-07-16,1863-07-16,32.698,-79.983,1,1863-07-16,826.5,Summer,1863,4,None,Confederate,No,FALSE,FALSE,FALSE,Brigadier General,Brigadier General,17.999999999999996,45.99999999999999,2062.522727147508,4285.930470737942
SC007,Fort Wagner II/Morris Island,SC,B,Confederate,LS,LS63-03,Siege,1863-07-18,1863-07-18,32.73,-79.8711,1,1863-07-18,828.5,Summer,1863,4,None,US,Partial,TRUE,FALSE,FALSE,General,Major General,217.77593215747504,1376.9961996783275,1655.8906188720857,6676.175925808111
SC008,Fort Sumter II,SC,B,Indecisive,LS,LS63-03,Bombardment,1863-08-17,1863-09-08,32.7524,-79.8749,23,1863-08-28,869.5,Summer,1863,4,None,US,Partial,TRUE,FALSE,FALSE,General,Major General,,117.00000000000003,,
SC009,Charleston Harbor II,SC,B,Confederate,LS,LS63-03,Engagement,1863-09-05,1863-09-08,32.7524,-79.8749,4,1863-09-07,879,Autumn,1863,4,None,US,Partial,FALSE,FALSE,FALSE,General,Major General,100.00000000000004,117.00000000000003,2580.0000000000005,1518.071144577881
SC010,Honey Hill,SC,C,Confederate,MW,MW64-12,Engagement,1864-11-30,1864-11-30,32.486,-80.9343,1,1864-11-30,1329.5,Autumn,1864,6,None,US,No,FALSE,FALSE,FALSE,Colonel,Major General,49.99999999999999,743.3928282883196,1206.6482503198683,5439.669107583659
SC011,Rivers' Bridge,SC,D,Union,MW,MW65-01,Action,1865-02-02,1865-02-03,33.0528,-81.0997,2,1865-02-03,1394,Winter,1865,6,None,US,No,FALSE,FALSE,FALSE,Major General,Major General,170.00000000000006,92.00000000000003,789.9367063252603,7899.367063252598
TN001,Fort Henry,TN,B,Union,MW,MW62-02,Capture,1862-02-06,1862-02-06,36.5186,-88.0391,1,1862-02-06,301.5,Winter,1862,1,None,US,Partial,FALSE,FALSE,FALSE,Brigadier General,Brigadier General,98.99999999999999,46.99999999999999,,13396.000000000004
TN002,Fort Donelson,TN,A,Union,MW,MW62-02,Siege,1862-02-12,1862-02-16,36.4938,-87.856,5,1862-02-14,309.5,Winter,1862,1,Confederate,US,Partial,FALSE,FALSE,FALSE,Brigadier General,Brigadier General,15288.01435985506,2717.4574527495156,18323.793458064338,25024.75267675227
TN003,Shiloh,TN,A,Union,MW,MW62-02,Battle,1862-04-06,1862-04-07,35.1507,-88.3218,2,1862-04-07,361,Spring,1862,1,None,Confederate,No,FALSE,FALSE,FALSE,General,Major General,10695.248642025277,13109.643643213563,41847.45705866926,64559.76506534941
TN004,Memphis I,TN,B,Union,MW,MW62-03,Naval,1862-06-06,1862-06-06,35.1291,-90.1558,1,1862-06-06,421.5,Summer,1862,1,None,US,Yes,FALSE,FALSE,TRUE,Brigadier General,Flag Officer,180,1,,
TN005,Chattanooga I,TN,D,Union,MW,MW62-04,Attack,1862-06-07,1862-06-08,35.0651,-85.3088,2,1862-06-08,423,Summer,1862,1,None,US,No,FALSE,FALSE,FALSE,Major General,Brigadier General,3.0000000000000004,23,12914.000000000007,4958.000000000001
TN006,Murfreesboro I,TN,C,Union,MW,MW62-04,Action,1862-07-13,1862-07-13,35.847,-86.393,1,1862-07-13,458.5,Summer,1862,2,Union,Confederate,No,FALSE,FALSE,FALSE,Brigadier General,Brigadier General,149.99999999999997,941.8081597806301,1399.9999999999998,1419.8591479439074
TN007,Hatchie's Bridge,TN,C,Union,MW,MW62-05,Engagement,1862-10-05,1862-10-05,35.035,-88.7994,1,1862-10-05,542.5,Autumn,1862,3,None,Confederate,No,FALSE,FALSE,FALSE,Major General,Major General,399.9999999999999,569.9999999999999,,6214.999999999997
TN008,Hartsville,TN,C,Confederate,MW,MW62-06,Action,1862-12-07,1862-12-07,36.3777,-86.1743,1,1862-12-07,605.5,Winter,1862,3,Union,Confederate,No,FALSE,FALSE,FALSE,Brigadier General,Colonel,138.99999999999997,2068.236550516046,1999.9999999999998,2484.330895834933
TN009,Jackson,TN,D,Confederate,MW,MW62-07,Engagement,1862-12-19,1862-12-19,35.632,-88.7635,1,1862-12-19,617.5,Winter,1862,3,None,Confederate,No,FALSE,FALSE,FALSE,Brigadier General,Colonel,,6,399.9999999999999,2759.9999999999995
TN010,Stones River,TN,A,Union,MW,MW62-06,Battle,1862-12-31,1863-01-02,35.88,-86.435,3,1863-01-01,630.5,Winter,1863,3,None,Confederate,No,FALSE,FALSE,FALSE,General,Major General,11240.463237169379,12777.364893385999,35786.06807264017,45789.69427696771
TN011,Parker's Cross Roads,TN,C,Confederate,MW,MW62-07,Engagement,1862-12-31,1862-12-31,35.793,-88.393,1,1862-12-31,629.5,Winter,1862,3,None,US,No,FALSE,FALSE,FALSE,Brigadier General,Brigadier General,499.99999999999983,236.99999999999997,1800.0000000000005,3583.7228108595264
TN012,Dover,TN,D,Union,MW,MW63-02,Attack,1863-02-03,1863-02-03,36.4849,-87.8575,1,1863-02-03,663.5,Winter,1863,3,None,Confederate,No,FALSE,FALSE,FALSE,Major General,Colonel,854.9999999999998,87.64878800551857,2499.9999999999995,1109.233969908964
TN013,Thompson's Station,TN,C,Confederate,MW,MW63-02,Engagement,1863-03-04,1863-03-05,35.798,-86.9063,2,1863-03-05,693,Spring,1863,3,Union,US,No,FALSE,FALSE,FALSE,Major General,Colonel,357.00000000000006,1525.3465612353489,,3390.0000000000027
TN014,Vaught's Hill,TN,D,Union,MW,MW63-02,Action,1863-03-20,1863-03-20,35.9252,-86.2047,1,1863-03-20,708.5,Spring,1863,3,None,US,No,FALSE,FALSE,FALSE,Brigadier General,Colonel,149.99999999999997,42.98431012216333,3499.9999999999995,1713.680250221727
TN015,Brentwood,TN,D,Confederate,MW,MW63-02,Action,1863-03-25,1863-03-25,36.0363,-86.7855,1,1863-03-25,713.5,Spring,1863,3,Union,Confederate,No,FALSE,FALSE,FALSE,Brigadier General,Lieutenant Colonel,3.0000000000000004,465.7356851770684,2437.9999999999995,486.6210024238577
TN016,Franklin I,TN,D,Union,MW,MW63-02,Engagement,1863-04-10,1863-04-10,35.914,-86.864,1,1863-04-10,729.5,Spring,1863,3,None,Confederate,No,FALSE,FALSE,FALSE,Major General,Major General,137.00000000000003,59,,6675.999999999998
TN017,Hoover's Gap,TN,C,Union,MW,MW63-04,Skirmish,1863-06-24,1863-06-26,35.6305,-86.2454,3,1863-06-25,805.5,Summer,1863,3,None,US,No,FALSE,FALSE,FALSE,Major General,Major General,1634.0000000000005,287.00807843928766,,21223.99999999999
TN018,Chattanooga II,TN,D,Union,MW,MW63-06,Bombardment,1863-08-21,1863-08-21,35.0739,-85.3186,1,1863-08-21,862.5,Summer,1863,4,None,US,No,FALSE,FALSE,FALSE,Lieutenant General,Colonel,,,,
TN019,Blountsville,TN,D,Union,MW,MW63-07,Engagement,1863-09-22,1863-09-22,36.5333,-82.3264,1,1863-09-22,894.5,Autumn,1863,4,None,Confederate,No,FALSE,FALSE,FALSE,Colonel,Colonel,164.99999999999994,27,1200,
TN020,Blue Springs,TN,D,Union,MW,MW63-07,Action,1863-10-10,1863-10-10,36.1934,-82.9373,1,1863-10-10,912.5,Autumn,1863,4,None,US,No,FALSE,FALSE,FALSE,Brigadier General,Major General,216.00000000000006,130,,
TN021,Wauhatchie,TN,B,Union,MW,MW63-08,Engagement,1863-10-28,1863-10-29,35.002,-85.38,2,1863-10-29,931,Autumn,1863,4,None,Confederate,No,FALSE,FALSE,FALSE,Brigadier General,Major General,397,400.6489391213114,,14819.000000000007
TN022,Collierville,TN,D,Union,MW,MW63-09,Action,1863-11-03,1863-11-03,35.044,-89.6645,1,1863-11-03,936.5,Autumn,1863,4,None,Confederate,No,FALSE,FALSE,FALSE,Brigadier General,Colonel,95,61.30475459148425,1732.0508075688779,1462.9764181284677
TN023,Campbell's Station,TN,D,Union,MW,MW63-11,Engagement,1863-11-16,1863-11-16,35.8846,-84.1539,1,1863-11-16,949.5,Autumn,1863,4,None,Confederate,No,FALSE,FALSE,FALSE,Lieutenant General,Major General,570.0000000000002,316.99333303701076,600,13466.00000000001
TN024,Chattanooga III,TN,A,Union,MW,MW63-10,Battle,1863-11-23,1863-11-25,35.03,-85.257,3,1863-11-24,957.5,Autumn,1863,4,None,US,No,FALSE,FALSE,FALSE,General,Major General,6666.999999999998,5712.857303601739,43230.091840737274,67332.97283666977
TN025,Fort Sanders,TN,B,Union,MW,MW63-11,Assault,1863-11-29,1863-11-29,35.9589,-83.9338,1,1863-11-29,962.5,Autumn,1863,4,None,Confederate,No,FALSE,FALSE,FALSE,Lieutenant General,Major General,813.0000000000002,28.231080866430858,2999.9999999999977,888.9544420272613
TN026,Bean's Station,TN,D,Confederate,MW,MW63-11,Engagement,1863-12-14,1863-12-14,36.3248,-83.369,1,1863-12-14,977.5,Winter,1863,4,None,Confederate,No,FALSE,FALSE,FALSE,Lieutenant General,Brigadier General,353.9833373369357,115,,3999.9999999999995
TN027,Mossy Creek,TN,D,Union,MW,MW64-01,Action,1863-12-29,1863-12-29,36.1444,-83.4423,1,1863-12-29,992.5,Winter,1863,4,None,Confederate,No,FALSE,FALSE,FALSE,Major General,Brigadier General,,108.99999999999997,1999.9999999999998,6470.000000000004
TN028,Dandridge,TN,C,Confederate,MW,MW64-01,Operation,1864-01-17,1864-01-17,36.0472,-83.3493,1,1864-01-17,1011.5,Winter,1864,4,None,Confederate,No,FALSE,FALSE,FALSE,Lieutenant General,Brigadier General,,90,,17636
TN029,Fair Garden,TN,C,Union,MW,MW64-01,Engagement,1864-01-27,1864-01-28,35.8645,-83.5096,2,1864-01-28,1022,Winter,1864,4,None,US,No,FALSE,FALSE,FALSE,Major General,Brigadier General,164.99999999999994,100.00000000000004,,12317.999999999996
TN030,Fort Pillow,TN,B,Confederate,MW,MW64-05,Capture,1864-04-12,1864-04-12,35.6324,-89.8487,1,1864-04-12,1097.5,Spring,1864,4,Union,Confederate,Partial,FALSE,FALSE,FALSE,Major General,Major,92.83177667225561,542.7693331365354,1936.4916731037083,814.6948812049478
TN031,Memphis II,TN,C,Confederate,MW,MW64-08,Attack,1864-08-21,1864-08-21,35.1446,-90.054,1,1864-08-21,1228.5,Summer,1864,5,None,Confederate,No,FALSE,FALSE,FALSE,Brigadier General,Major General,62.00000000000001,295.4065922853801,1999.9999999999998,6466.838485689899
TN032,Johnsonville,TN,B,Confederate,MW,MW64-13,Action,1864-11-03,1864-11-04,36.0708,-87.9757,2,1864-11-04,1303,Autumn,1864,6,None,Confederate,No,FALSE,FALSE,FALSE,Major General,Colonel,,,,3415.25987298185
TN033,Bull's Gap,TN,D,Confederate,MW,MW64-11,Action,1864-11-11,1864-11-14,36.252,-83.081,4,1864-11-13,1312,Autumn,1864,6,None,Confederate,No,FALSE,FALSE,FALSE,Major General,Brigadier General,100.00000000000004,323.9999999999999,2400.0000000000005,
TN034,Columbia,TN,C,Confederate,MW,MW64-13,Skirmish,1864-11-24,1864-11-29,35.6163,-87.0488,6,1864-11-27,1326,Autumn,1864,6,None,Confederate,No,FALSE,FALSE,FALSE,General,Major General,,,,54379.99999999997
TN035,Spring Hill,TN,B,Union,MW,MW64-13,Engagement,1864-11-29,1864-11-29,35.7374,-86.9323,1,1864-11-29,1328.5,Autumn,1864,6,None,Confederate,No,FALSE,FALSE,FALSE,General,Major General,409.660635300323,99.99999999999997,,10470.000000000004
TN036,Franklin II,TN,A,Union,MW,MW64-13,Battle,1864-11-30,1864-11-30,35.9174,-86.8733,1,1864-11-30,1329.5,Autumn,1864,6,None,Confederate,No,FALSE,FALSE,FALSE,General,Major General,6157.301284129579,2326,28586.74462745169,32818.03134185454
TN037,Murfreesboro II,TN,D,Union,MW,MW64-13,Demonstration,1864-12-05,1864-12-07,35.8689,-86.4593,3,1864-12-06,1335.5,Winter,1864,6,None,Confederate,No,FALSE,FALSE,FALSE,Major General,Major General,213.99999999999994,206.99515341013924,6749.999999999997,8605.114758095899
TN038,Nashville,TN,A,Union,MW,MW64-13,Battle,1864-12-15,1864-12-16,36.0881,-86.8098,2,1864-12-16,1345,Winter,1864,6,None,US,No,FALSE,FALSE,FALSE,General,Major General,6090.77519440976,2901.892550150229,25280.544271007388,49273.023253052736
TX001,Sabine Pass I,TX,C,Union,TM,TM62-07,Engagement,1862-09-24,1862-09-25,29.7359,-93.8711,2,1862-09-25,532,Autumn,1862,3,None,US,Partial,FALSE,FALSE,TRUE,Major,Master,,,55.000000000000014,520
TX002,Galveston I,TX,D,Union,TM,TM62-07,Naval,1862-10-04,1862-10-04,29.3397,-94.774,1,1862-10-04,541.5,Autumn,1862,3,None,US,Yes,FALSE,FALSE,TRUE,Colonel,Commander,0,0,1238.0000000000002,520
TX003,Galveston II,TX,B,Confederate,TM,TM63-01,Recapture,1863-01-01,1863-01-01,29.3395,-94.767,1,1863-01-01,630.5,Winter,1863,3,Union,Confederate,Yes,FALSE,FALSE,FALSE,Major General,Colonel,49.99999999999999,542.161202165907,799.9999999999999,542.161202165907
TX005,Palmito Ranch,TX,D,Confederate,TM,TM65-01,Skirmish,1865-05-12,1865-05-13,25.9467,-97.2853,2,1865-05-13,1493,Spring,1865,6,None,US,No,FALSE,FALSE,FALSE,Colonel,Colonel,27.693945772046828,83.78992837127711,,
TX006,Sabine Pass II,TX,B,Confederate,TM,TM63-07,Attack,1863-09-08,1863-09-08,29.7205,-93.8708,1,1863-09-08,880.5,Autumn,1863,4,None,US,Partial,FALSE,FALSE,FALSE,Lieutenant,Major General,0,283.72521918222213,127.24852650553103,2280.350850198278
VA001,Sewell's Point,VA,D,Indecisive,ME,ME61-01,Naval,1861-05-18,1861-05-19,36.9547,-76.3267,2,1861-05-19,38,Spring,1861,1,None,US,Yes,FALSE,FALSE,TRUE,Brigadier General,Lieutenant,,,,
VA002,Aquia Creek,VA,D,Indecisive,ME,ME61-01,Attack,1861-05-29,1861-06-01,38.3893,-77.3157,4,1861-05-31,50,Spring,1861,1,None,US,Yes,FALSE,FALSE,TRUE,Colonel,Commander,0,0,999.9999999999998,
VA003,Big Bethel,VA,C,Confederate,ME,ME61-01,Engagement,1861-06-10,1861-06-10,37.0937,-76.425,1,1861-06-10,60.5,Summer,1861,1,None,US,No,FALSE,FALSE,FALSE,Colonel,Brigadier General,7.999999999999998,76,1117.1392035015149,3832.231725770248
VA004,Blackburn's Ford,VA,C,Confederate,ME,ME61-03,Action,1861-07-18,1861-07-18,38.8042,-77.4492,1,1861-07-18,98.5,Summer,1861,1,None,US,No,FALSE,FALSE,FALSE,Brigadier General,Brigadier General,68.00000000000001,83.98147512646406,,3256.9924777315655
VA005,Manassas I,VA,A,Confederate,ME,ME61-03,Battle,1861-07-21,1861-07-21,38.8147,-77.5227,1,1861-07-21,101.5,Summer,1861,1,None,US,No,FALSE,FALSE,FALSE,Brigadier General,Brigadier General,1981.7424467021974,3001.2622766240233,29767.146609243206,28442.737099264494
VA006,Ball's Bluff,VA,B,Confederate,ME,ME61-05,Engagement,1861-10-21,1861-10-21,39.1282,-77.5277,1,1861-10-21,193.5,Autumn,1861,1,None,US,No,FALSE,FALSE,FALSE,Brigadier General,Brigadier General,152.88775932327047,889.3694211104898,2016.7919539067898,2404.2902762216995
VA007,Dranesville,VA,C,Union,ME,ME61-05,Engagement,1861-12-20,1861-12-20,38.9955,-77.3372,1,1861-12-20,253.5,Winter,1861,1,None,US,No,FALSE,FALSE,FALSE,Brigadier General,Brigadier General,193.99999999999994,70.23781449871159,2441.858299493588,4249.896191236056
VA008,Hampton Roads,VA,B,Indecisive,ME,ME62-04,Naval,1862-03-08,1862-03-09,36.9833,-76.3197,2,1862-03-09,332,Spring,1862,1,None,Confederate,Yes,FALSE,TRUE,TRUE,Captain,Lieutenant,24.000000000000004,395.20672616429556,188,1907.8784028338903
VA009,Yorktown,VA,B,Indecisive,ME,ME62-04,Siege,1862-04-05,1862-05-04,37.184,-76.534,30,1862-04-20,374,Spring,1862,1,None,US,No,TRUE,FALSE,FALSE,General,Major General,299.99999999999994,181.99999999999997,43069.710934716044,99192.73198626484
VA010,Williamsburg,VA,B,Indecisive,ME,ME62-04,Battle,1862-05-05,1862-05-05,37.2642,-76.6659,1,1862-05-05,389.5,Spring,1862,1,None,US,No,FALSE,FALSE,FALSE,Major General,Major General,1490.224337853125,2245.5028728368375,29524.766931968643,39369.94544483281
VA011,Eltham's Landing,VA,D,Indecisive,ME,ME62-04,Engagement,1862-05-07,1862-05-07,37.5002,-76.8423,1,1862-05-07,391.5,Spring,1862,1,None,Confederate,No,FALSE,FALSE,FALSE,Major General,Brigadier General,48.00000000000001,186.00000000000006,10999.999999999998,10120.869527861732
VA012,Drewry's Bluff,VA,B,Confederate,ME,ME62-04,Naval,1862-05-15,1862-05-15,37.4211,-77.4229,1,1862-05-15,399.5,Spring,1862,1,None,US,Yes,FALSE,FALSE,TRUE,Brigadier General,Commander,15,24.64896059099616,,
VA013,Hanover Court House,VA,C,Union,ME,ME62-04,Engagement,1862-05-27,1862-05-27,37.7222,-77.3763,1,1862-05-27,411.5,Spring,1862,1,None,Confederate,No,FALSE,FALSE,FALSE,Brigadier General,Brigadier General,995,355.0000000000001,4006.65558631725,9436.556006920106
VA014,Seven Pines,VA,B,Indecisive,ME,ME62-04,Battle,1862-05-31,1862-06-01,37.5209,-77.3042,2,1862-06-01,416,Summer,1862,1,None,Confederate,No,FALSE,FALSE,FALSE,General,Major General,6133.999999999998,5210.268031266124,35336.49013821975,40454.82028049125
VA015,Oak Grove,VA,D,Indecisive,ME,ME62-04,Engagement,1862-06-25,1862-06-25,37.5154,-77.3292,1,1862-06-25,440.5,Summer,1862,2,None,US,No,FALSE,FALSE,FALSE,General,Major General,316.00000000000006,567.3444835577677,2497.999199359357,10717.46238621811
VA016,Beaver Dam Creek,VA,B,Union,ME,ME62-04,Battle,1862-06-26,1862-06-26,37.5985,-77.3599,1,1862-06-26,441.5,Summer,1862,2,None,Confederate,No,FALSE,FALSE,FALSE,General,Brigadier General,1458.106323116225,360.9999999999999,15905.591893362891,15996.520041098256
VA017,Gaines' Mill,VA,A,Confederate,ME,ME62-04,Battle,1862-06-27,1862-06-27,37.579,-77.2872,1,1862-06-27,442.5,Summer,1862,2,None,Confederate,No,FALSE,FALSE,FALSE,General,Brigadier General,7992.999999999996,6837,57017.99999999998,34650.87365214722
VA018,Garnett's & Golding's Farms,VA,D,Indecisive,ME,ME62-04,Action,1862-06-27,1862-06-28,37.5532,-77.3145,2,1862-06-28,443,Summer,1862,2,None,Confederate,No,FALSE,FALSE,FALSE,Major General,Major General,445.53625374305915,368.00000000000006,637.9999999999999,8260.000000000005
VA019,Savage's Station,VA,C,Indecisive,ME,ME62-04,Battle,1862-06-29,1862-06-29,37.5222,-77.271,1,1862-06-29,444.5,Summer,1862,2,None,Confederate,No,FALSE,FALSE,FALSE,Major General,Major General,527.2039453570126,1034.761028634021,21357.22041839717,25439.286649640057
VA020,Glendale/White Oak Swamp,VA,B,Indecisive,ME,ME62-04,Battle,1862-06-30,1862-06-30,37.4379,-77.2381,1,1862-06-30,445.5,Summer,1862,2,None,Confederate,No,FALSE,FALSE,FALSE,General,Major General,3673.0000000000005,3279.396237768223,27702.182114671385,34904.46546188564
VA021,Malvern Hill,VA,A,Union,ME,ME62-04,Battle,1862-07-01,1862-07-01,37.4124,-77.2509,1,1862-07-01,446.5,Summer,1862,2,None,Confederate,No,FALSE,FALSE,FALSE,General,Major General,5395.076002579027,3213.999999999999,51362.25344917246,63752.71494911168
VA022,Cedar Mountain,VA,B,Confederate,ME,ME62-05,Battle,1862-08-09,1862-08-09,38.4014,-78.0658,1,1862-08-09,485.5,Summer,1862,2,None,US,No,FALSE,FALSE,FALSE,Major General,Major General,1350.4081733808578,2097.035144271268,16375.243872285471,9864.642556402123
VA023,Rappahannock Station I,VA,D,Indecisive,ME,ME62-05,Engagement,1862-08-22,1862-08-25,38.5272,-77.8302,4,1862-08-24,500,Summer,1862,2,None,Confederate,No,FALSE,FALSE,FALSE,Major General,Major General,,,4159.999999999997,17464.000000000015
VA024,Manassas Station Operations,VA,B,Confederate,ME,ME62-05,Engagement,1862-08-26,1862-08-27,38.7322,-77.5453,2,1862-08-27,503,Summer,1862,2,None,Confederate,No,FALSE,FALSE,FALSE,Major General,Brigadier General,,299.99999999999994,,9713.999999999998
VA025,Thoroughfare Gap,VA,C,Confederate,ME,ME62-05,Engagement,1862-08-28,1862-08-28,38.8243,-77.7148,1,1862-08-28,504.5,Summer,1862,2,None,Confederate,No,FALSE,FALSE,FALSE,Lieutenant General,Brigadier General,,,28000.000000000004,7167.984374982966
VA026,Manassas II,VA,A,Confederate,ME,ME62-05,Battle,1862-08-28,1862-08-30,38.8125,-77.5213,3,1862-08-29,505.5,Summer,1862,2,None,Confederate,No,FALSE,FALSE,FALSE,General,Major General,9147.64556079431,13824.000000000007,51167.84490790471,74377.7400586519
VA027,Chantilly,VA,B,Indecisive,ME,ME62-05,Battle,1862-09-01,1862-09-01,38.8645,-77.3695,1,1862-09-01,508.5,Autumn,1862,2,None,Confederate,No,FALSE,FALSE,FALSE,Major General,Major General,799.9999999999999,1300,17320.50807568877,9869.203349071315
VA028,Fredericksburg I,VA,A,Confederate,ME,ME62-07,Battle,1862-12-11,1862-12-15,38.2995,-77.4705,5,1862-12-13,611.5,Winter,1862,3,None,US,No,FALSE,FALSE,FALSE,General,Major General,5315.328995607501,12583.780431470625,72293.58555488546,110844.6500843936
VA029,Kelly's Ford,VA,C,Indecisive,ME,ME63-02,Engagement,1863-03-17,1863-03-17,38.4769,-77.7799,1,1863-03-17,705.5,Spring,1863,3,None,US,No,FALSE,FALSE,FALSE,Brigadier General,Brigadier General,133.00000000000003,78,1381.5260021879403,2897.8334988006427
VA031,Suffolk,VA,C,Indecisive,ME,ME63-01,Siege,1863-04-11,1863-05-04,36.7149,-76.5829,24,1863-04-23,742,Spring,1863,3,None,US,No,TRUE,FALSE,FALSE,Lieutenant General,Brigadier General,900.0000000000001,266.00000000000006,,24680.964324758443
VA032,Chancellorsville,VA,A,Confederate,ME,ME63-03,Battle,1863-04-30,1863-05-06,38.3105,-77.6484,7,1863-05-03,752.5,Spring,1863,3,None,US,No,FALSE,FALSE,FALSE,General,Major General,13133.194875953519,17294.801418072086,58926.45877670563,104331.51828609963
VA033,Salem Church,VA,B,Confederate,ME,ME63-03,Battle,1863-05-03,1863-05-04,38.2889,-77.5309,2,1863-05-04,753,Spring,1863,3,None,US,No,FALSE,FALSE,FALSE,General,Major General,,4700.000000000002,10000.00000000001,27651.4014111401
VA034,Fredericksburg II,VA,B,Union,ME,ME63-03,Battle,1863-05-03,1863-05-03,38.2957,-77.4684,1,1863-05-03,752.5,Spring,1863,3,None,US,No,FALSE,FALSE,FALSE,Major General,Major General,,,11999.999999999993,28117.610140266166
VA035,Brandy Station,VA,B,Indecisive,ME,ME63-04,Engagement,1863-06-09,1863-06-09,38.5018,-77.8936,1,1863-06-09,789.5,Summer,1863,3,None,US,No,FALSE,FALSE,FALSE,Major General,Major General,432.9999999999999,873.1147210761546,9830.137915846524,12426.545548515713
VA036,Aldie,VA,C,Indecisive,ME,ME63-04,Action,1863-06-17,1863-06-17,38.9826,-77.6588,1,1863-06-17,797.5,Summer,1863,3,None,US,No,FALSE,FALSE,FALSE,Colonel,Brigadier General,110.00000000000004,305,1392.4766500838336,3241.8969737737334
VA037,Middleburg,VA,C,Indecisive,ME,ME63-04,Action,1863-06-17,1863-06-19,38.9678,-77.7597,3,1863-06-18,798.5,Summer,1863,3,None,Confederate,No,FALSE,FALSE,FALSE,Major General,Brigadier General,,99,3200.0000000000027,3919.18358845308
VA038,Upperville,VA,C,Indecisive,ME,ME63-04,Engagement,1863-06-21,1863-06-21,38.9851,-77.8343,1,1863-06-21,801.5,Summer,1863,3,None,US,No,FALSE,FALSE,FALSE,Brigadier General,Major General,510,208.99999999999994,8840,15033.999999999996
VA039,Auburn I,VA,D,Indecisive,ME,ME63-05,Action,1863-10-13,1863-10-13,38.7,-77.7,1,1863-10-13,915.5,Autumn,1863,4,None,Confederate,No,FALSE,FALSE,FALSE,Major General,Major General,,,2999.9999999999977,3740.5881890419323
VA040,Bristoe Station,VA,B,Union,ME,ME63-05,Engagement,1863-10-14,1863-10-14,38.7234,-77.5418,1,1863-10-14,916.5,Autumn,1863,4,None,Confederate,No,FALSE,FALSE,FALSE,Lieutenant General,Major General,1380.4930167052892,546,10626.475790343218,13798.29650971165
VA041,Auburn II,VA,D,Indecisive,ME,ME63-05,Combat,1863-10-14,1863-10-14,38.7021,-77.7018,1,1863-10-14,916.5,Autumn,1863,4,None,Confederate,No,FALSE,FALSE,FALSE,Major General,Major General,,53.00000000000001,2999.9999999999977,22832.00000000001
VA042,Buckland Mills,VA,D,Confederate,ME,ME63-05,Action,1863-10-19,1863-10-19,38.7747,-77.692,1,1863-10-19,921.5,Autumn,1863,4,None,Confederate,No,FALSE,FALSE,FALSE,Major General,Major General,640.0000000000002,180.00000000000003,5628.507000000004,4843.611630591368
VA043,Rappahannock Station II,VA,B,Union,ME,ME63-05,Engagement,1863-11-07,1863-11-07,38.533,-77.8136,1,1863-11-07,940.5,Autumn,1863,4,Confederate,US,No,FALSE,FALSE,FALSE,General,Major General,1883.9390971671032,417.99848023965103,2237.377884162793,1999.9999999999998
VA044,Mine Run,VA,B,Indecisive,ME,ME63-07,Engagement,1863-11-26,1863-12-02,38.3379,-77.8187,7,1863-11-29,962.5,Autumn,1863,4,None,US,No,FALSE,FALSE,FALSE,General,Major General,745.0000000000002,1385.463686376484,36560.796480538986,81139.76658758009
VA045,Morton's Ford,VA,D,Indecisive,ME,ME64-01,Engagement,1864-02-06,1864-02-07,38.3746,-77.904,2,1864-02-07,1032,Winter,1864,4,None,US,No,FALSE,FALSE,FALSE,Lieutenant General,Brigadier General,,257.4661825788797,,8674.000000000007
VA046,Wilderness,VA,A,Indecisive,ME,ME64-06,Battle,1864-05-05,1864-05-07,38.3164,-77.7597,3,1864-05-06,1121.5,Spring,1864,5,None,US,No,FALSE,FALSE,FALSE,General,Lieutenant General,11125.000000000004,17666.00000000001,53691.71076151617,105292.54114778173
VA047,Port Walthall Junction,VA,C,Union,ME,ME64-05,Engagement,1864-05-06,1864-05-07,37.3116,-77.4028,2,1864-05-07,1122,Spring,1864,5,None,US,No,FALSE,FALSE,FALSE,Brigadier General,Major General,,374,2600,9207.822761109164
VA048,Spotsylvania Court House,VA,A,Indecisive,ME,ME64-06,Operation,1864-05-08,1864-05-21,38.2242,-77.5981,14,1864-05-15,1130,Spring,1864,5,None,US,No,FALSE,FALSE,FALSE,General,Lieutenant General,12450.999999999998,20131.90145475521,43720.105505616724,103985.49104668209
VA049,Cloyd's Mountain,VA,C,Union,ME,ME64-04,Engagement,1864-05-09,1864-05-09,37.1746,-80.709,1,1864-05-09,1124.5,Spring,1864,5,None,US,No,FALSE,FALSE,FALSE,Brigadier General,Brigadier General,613.2700031656185,702.2315422039741,2372.3493234502625,6572.79375982023
VA050,Swift Creek,VA,C,Indecisive,ME,ME64-05,Engagement,1864-05-09,1864-05-09,37.2861,-77.4118,1,1864-05-09,1124.5,Spring,1864,5,None,Confederate,No,FALSE,FALSE,FALSE,General,Major General,499.99999999999983,350.1471818990725,499.99999999999983,19271.999999999993
VA051,Chester Station,VA,D,Indecisive,ME,ME64-05,Action,1864-05-10,1864-05-10,37.3529,-77.4122,1,1864-05-10,1125.5,Spring,1864,5,None,Confederate,No,FALSE,FALSE,FALSE,General,Major General,,243,,3356.0000000000027
VA052,Yellow Tavern,VA,C,Union,ME,ME64-06,Combat,1864-05-11,1864-05-11,37.6599,-77.4552,1,1864-05-11,1126.5,Spring,1864,5,None,US,No,FALSE,FALSE,FALSE,Major General,Major General,615.9999999999999,259.00000000000006,3095.2754949928244,12720.832982117974
VA053,Proctor's Creek,VA,B,Confederate,ME,ME64-05,Engagement,1864-05-12,1864-05-16,37.3935,-77.4277,5,1864-05-14,1129.5,Spring,1864,5,None,US,No,FALSE,FALSE,FALSE,General,Major General,2716,3728.6793663294807,19748.426688060077,22797.0754759399
VA054,Ware Bottom Church,VA,C,Confederate,ME,ME64-05,Engagement,1864-05-20,1864-05-20,37.3444,-77.3914,1,1864-05-20,1135.5,Spring,1864,5,None,Confederate,No,FALSE,FALSE,FALSE,General,Major General,,948,1040,2600
VA055,North Anna,VA,B,Indecisive,ME,ME64-06,Combat,1864-05-23,1864-05-26,37.8862,-77.4943,4,1864-05-25,1140,Spring,1864,5,None,US,No,FALSE,FALSE,FALSE,General,Lieutenant General,1549.9999999999995,1486.8652411547744,51478.15070493506,96861.61582697029
VA056,Wilson's Wharf,VA,D,Union,ME,ME64-06,Action,1864-05-24,1864-05-24,37.3067,-76.9967,1,1864-05-24,1139.5,Spring,1864,5,None,Confederate,No,FALSE,FALSE,FALSE,Major General,Brigadier General,139.99999999999994,26.000000000000004,2499.9999999999995,1099.9999999999995
VA057,Totopotomoy Creek,VA,B,Indecisive,ME,ME64-06,Battle,1864-05-28,1864-05-30,37.634,-77.2987,3,1864-05-29,1144.5,Spring,1864,5,None,US,No,FALSE,FALSE,FALSE,General,Lieutenant General,1591,700.1782159406567,50000.00000000001,100000.00000000001
VA058,Haw's Shop,VA,C,Indecisive,ME,ME64-06,Combat,1864-05-28,1864-05-28,37.676,-77.3118,1,1864-05-28,1143.5,Spring,1864,5,None,Confederate,No,FALSE,FALSE,FALSE,Major General,Brigadier General,399.9999999999999,343.99999999999994,2400.0000000000005,11035.99999999999
VA059,Old Church,VA,C,Union,ME,ME64-06,Combat,1864-05-30,1864-05-30,37.6444,-77.2209,1,1864-05-30,1145.5,Spring,1864,5,None,US,No,FALSE,FALSE,FALSE,Brigadier General,Brigadier General,,90,1999.9999999999998,7799.999999999996
VA062,Cold Harbor,VA,A,Confederate,ME,ME64-06,Battle,1864-05-31,1864-06-12,37.59,-77.285,13,1864-06-06,1152.5,Summer,1864,5,None,US,No,FALSE,FALSE,FALSE,General,Lieutenant General,4667.777499593892,12927.281276873688,68026.63969089437,118184.78946137882
VA063,Petersburg II,VA,A,Confederate,ME,ME64-09,Battle,1864-06-15,1864-06-18,37.2211,-77.3782,4,1864-06-17,1163,Summer,1864,5,None,US,No,FALSE,FALSE,FALSE,General,Lieutenant General,4206.977669518527,11139.23098292041,41748.74848423596,74682.55109695862
VA064,Lynchburg,VA,B,Confederate,ME,ME64-07,Engagement,1864-06-17,1864-06-18,37.3845,-79.1832,2,1864-06-18,1164,Summer,1864,5,None,US,No,FALSE,FALSE,FALSE,Lieutenant General,Major General,199.99999999999991,952.3499841497721,14e3,16548.733033075365
VA065,Jerusalem Plank Road,VA,B,Union,ME,ME64-09,Engagement,1864-06-21,1864-06-23,37.1844,-77.3767,3,1864-06-22,1168.5,Summer,1864,5,None,US,No,FALSE,FALSE,FALSE,General,Lieutenant General,546.9160736497346,3434.70835619165,4193.328033912917,43859.03555711185
VA066,Saint Mary's Church,VA,D,Indecisive,ME,ME64-06,Combat,1864-06-24,1864-06-24,37.4322,-77.1506,1,1864-06-24,1170.5,Summer,1864,5,None,Confederate,No,FALSE,FALSE,FALSE,Major General,Major General,249.9999999999999,339,,
VA067,Sappony Church,VA,D,Confederate,ME,ME64-09,Engagement,1864-06-28,1864-06-28,36.9459,-77.4531,1,1864-06-28,1174.5,Summer,1864,5,None,Confederate,No,FALSE,FALSE,FALSE,Major General,Brigadier General,,,5000.000000000004,5669.567884768639
VA068,Ream's Station I,VA,C,Confederate,ME,ME64-09,Engagement,1864-06-29,1864-06-29,37.0959,-77.4226,1,1864-06-29,1175.5,Summer,1864,5,None,Confederate,No,FALSE,FALSE,FALSE,Major General,Major General,,,6999.999999999999,5669.567884768639
VA069,Deep Bottom I,VA,C,Confederate,ME,ME64-09,Engagement,1864-07-27,1864-07-27,37.4359,-77.2609,1,1864-07-27,1203.5,Summer,1864,5,None,US,No,FALSE,FALSE,FALSE,Major General,Major General,679,488.0000000000001,16499.999999999985,39575.446933673426
VA070,Crater,VA,A,Confederate,ME,ME64-09,Battle,1864-07-30,1864-07-30,37.2183,-77.3777,1,1864-07-30,1206.5,Summer,1864,5,None,US,No,FALSE,FALSE,FALSE,General,Major General,1490.9999999999995,3546.513104263998,7528.189381757433,15921.868331274947
VA071,Deep Bottom II,VA,B,Confederate,ME,ME64-09,Demonstration,1864-08-13,1864-08-20,37.4438,-77.2844,8,1864-08-17,1224,Summer,1864,5,None,US,No,FALSE,FALSE,FALSE,General,Major General,1167.6692608017038,3022.537911291926,20003.999600079995,35278.41227167312
VA072,Globe Tavern,VA,B,Union,ME,ME64-09,Battle,1864-08-18,1864-08-21,37.1747,-77.4203,4,1864-08-20,1227,Summer,1864,5,None,US,No,FALSE,FALSE,FALSE,General,Major General,1875.0236523878107,4362.04854868077,14586.196622578547,24847.92170422255
VA073,Ream's Station II,VA,B,Confederate,ME,ME64-09,Battle,1864-08-25,1864-08-25,37.0959,-77.4226,1,1864-08-25,1232.5,Summer,1864,5,None,Confederate,No,FALSE,FALSE,FALSE,Major General,Major General,897.5515350851391,2662.2524897420426,10270.329043966642,11531.605126481303
VA074,Peebles' Farm,VA,B,Union,ME,ME64-09,Battle,1864-09-30,1864-10-02,37.1705,-77.4537,3,1864-10-01,1269.5,Autumn,1864,6,None,US,No,FALSE,FALSE,FALSE,Lieutenant General,Major General,1081.6653826391964,2835.2330632706903,8480.518830247072,36181.102089603824
VA075,Chaffin's Farm / New Market Heights,VA,B,Union,ME,ME64-09,Battle,1864-09-29,1864-09-30,37.4268,-77.3729,2,1864-09-30,1268,Autumn,1864,6,None,US,No,FALSE,FALSE,FALSE,General,Major General,1835.3419953163948,3273.6095416959274,12534.831470745821,24487.734398448214
VA076,Saltville I,VA,C,Union,MW,MW64-10,Action,1864-10-02,1864-10-02,36.8857,-81.7592,1,1864-10-02,1270.5,Autumn,1864,6,None,US,No,FALSE,FALSE,FALSE,Brigadier General,Brigadier General,108.00000000000003,348,299.99999999999994,5000.000000000004
VA077,Darbytown & New Market Roads,VA,C,Union,ME,ME64-09,Combat,1864-10-07,1864-10-07,37.4576,-77.346703,1,1864-10-07,1275.5,Autumn,1864,6,None,Confederate,No,FALSE,FALSE,FALSE,General,Major General,699.9999999999998,458,,9845.999999999998
VA078,Darbytown Road,VA,D,Confederate,ME,ME64-09,Engagement,1864-10-13,1864-10-13,37.483,-77.3574,1,1864-10-13,1281.5,Autumn,1864,6,None,US,No,FALSE,FALSE,FALSE,Lieutenant General,Major General,49.99999999999999,437,,11298.000000000005
VA079,Boydton Plank Road,VA,B,Confederate,ME,ME64-09,Engagement,1864-10-27,1864-10-27,37.1431,-77.5116,1,1864-10-27,1295.5,Autumn,1864,6,None,US,No,FALSE,FALSE,FALSE,Major General,Major General,1110.535135628616,1745.6007113798269,15414.534829179891,46276.67977270993
VA080,Fair Oaks & Darbytown Road,VA,C,Confederate,ME,ME64-09,Engagement,1864-10-27,1864-10-28,37.494,-77.334,2,1864-10-28,1296,Autumn,1864,6,None,US,No,FALSE,FALSE,FALSE,Lieutenant General,Major General,212.36760581595317,1484.0989470294749,10000.00000000001,36151.348522565546
VA081,Marion,VA,D,Union,MW,MW64-14,Engagement,1864-12-16,1864-12-18,36.852,-81.4873,3,1864-12-17,1346.5,Winter,1864,6,None,US,No,FALSE,FALSE,FALSE,Major General,Major General,,76,,
VA082,Saltville II,VA,C,Union,MW,MW64-14,Action,1864-12-20,1864-12-21,36.8646,-81.7674,2,1864-12-21,1350,Winter,1864,6,None,US,No,FALSE,FALSE,FALSE,Major General,Major General,,,2799.9999999999995,4500.000000000001
VA083,Hatcher's Run,VA,B,Union,ME,ME65-02,Battle,1865-02-05,1865-02-07,37.1305,-77.4853,3,1865-02-06,1397.5,Winter,1865,6,None,Confederate,No,FALSE,FALSE,FALSE,Major General,Major General,1062.6585691826112,1514.7315180036626,13889.782788925908,41096.94311767679
VA084,Fort Stedman,VA,A,Union,ME,ME65-02,Assault,1865-03-25,1865-03-25,37.226,-77.371,1,1865-03-25,1444.5,Spring,1865,6,None,Confederate,No,FALSE,FALSE,FALSE,General,Major General,3230.2165545365006,1669.9154001421798,10954.451150103314,14491.161260606323
VA085,Lewis's Farm,VA,C,Union,ME,ME65-04,Engagement,1865-03-29,1865-03-29,37.1283,-77.5278,1,1865-03-29,1448.5,Spring,1865,6,None,US,No,FALSE,FALSE,FALSE,Major General,Major General,370.99999999999994,383,8e3,20331.133760811295
VA086,Dinwiddie Court House,VA,C,Confederate,ME,ME65-04,Engagement,1865-03-31,1865-03-31,37.0773,-77.5871,1,1865-03-31,1450.5,Spring,1865,6,None,US,No,FALSE,FALSE,FALSE,Major General,Major General,1024.1888486334651,618.9027354206721,20030.000000000004,35770.46287640263
VA087,White Oak Road,VA,B,Union,ME,ME65-04,Engagement,1865-03-31,1865-03-31,37.1484,-77.5197,1,1865-03-31,1450.5,Spring,1865,6,None,US,No,FALSE,FALSE,FALSE,General,Major General,1068.3116058305343,1866.9999999999998,8e3,22947.11310818858
VA088,Five Forks,VA,A,Union,ME,ME65-04,Battle,1865-04-01,1865-04-01,37.1394,-77.6228,1,1865-04-01,1451.5,Spring,1865,6,None,US,No,FALSE,FALSE,FALSE,Major General,Major General,3552.6624355231866,883.9999999999999,9811.508637796222,31042.855898085756
VA089,Petersburg III,VA,A,Union,ME,ME65-04,Assault,1865-04-02,1865-04-02,37.1776,-77.4774,1,1865-04-02,1452.5,Spring,1865,6,None,US,No,FALSE,FALSE,FALSE,General,Lieutenant General,4162.343734922062,3514.608759856423,58400.00000000003,68299.75991867472
VA090,Sutherland's Station,VA,C,Union,ME,ME65-04,Engagement,1865-04-02,1865-04-02,37.1975,-77.5625,1,1865-04-02,1452.5,Spring,1865,6,None,US,No,FALSE,FALSE,FALSE,Major General,Major General,600,366.0000000000001,2999.9999999999977,4515.639489596134
VA091,Amelia Springs,VA,C,Indecisive,ME,ME65-04,Engagement,1865-04-05,1865-04-05,37.3344,-78.079,1,1865-04-05,1455.5,Spring,1865,6,None,Confederate,No,FALSE,FALSE,FALSE,Major General,Major General,,142.53583176083384,331.9999999999999,8138.000000000002
VA092,Rice's Station,VA,D,Union,ME,ME65-04,Engagement,1865-04-06,1865-04-06,37.2691,-78.2947,1,1865-04-06,1456.5,Spring,1865,6,None,Confederate,No,FALSE,FALSE,FALSE,Lieutenant General,Major General,,65.99999999999997,6799.999999999999,8483.513423104843
VA093,Sailor's Creek,VA,B,Union,ME,ME65-04,Engagement,1865-04-06,1865-04-06,37.3055,-78.228,1,1865-04-06,1456.5,Spring,1865,6,Confederate,US,No,FALSE,FALSE,FALSE,Lieutenant General,Major General,7619.248997235017,1164.2277312773333,15905.786481942787,32725.8557927026
VA094,Cumberland Church,VA,C,Confederate,ME,ME65-04,Engagement,1865-04-07,1865-04-07,37.3464,-78.3866,1,1865-04-07,1457.5,Spring,1865,6,None,US,No,FALSE,FALSE,FALSE,General,Major General,254.99999999999991,571,3999.9999999999995,12881.319808156313
VA095,High Bridge,VA,C,Indecisive,ME,ME65-04,Engagement,1865-04-06,1865-04-07,37.3122,-78.3177,2,1865-04-07,1457,Spring,1865,6,Union,Confederate,No,FALSE,FALSE,FALSE,Major General,Major General,100.00000000000004,969.3177667225556,908.075472259754,969.3177667225556
VA096,Appomattox Station,VA,B,Union,ME,ME65-04,Engagement,1865-04-08,1865-04-08,37.3535,-78.8273,1,1865-04-08,1458.5,Spring,1865,6,None,US,No,FALSE,FALSE,FALSE,Brigadier General,Major General,999.9999999999998,48.00000000000001,2999.9999999999977,7776.374476579676
VA097,Appomattox Court House,VA,A,Union,ME,ME65-04,Engagement,1865-04-09,1865-04-09,37.377778,-78.794444,1,1865-04-09,1459.5,Spring,1865,6,Confederate,Confederate,No,FALSE,FALSE,FALSE,General,Lieutenant General,27652.161400297322,164.94069318923326,27652.161400297322,89922.53977124562
VA098,Petersburg I,VA,D,Confederate,ME,ME64-09,Engagement,1864-06-09,1864-06-09,37.2038,-77.3831,1,1864-06-09,1155.5,Summer,1864,5,None,US,No,FALSE,FALSE,FALSE,General,Major General,,87,2499.9999999999995,5379.126323112336
VA099,Trevilian Station,VA,B,Confederate,ME,ME64-06,Combat,1864-06-11,1864-06-12,38.0497,-78.066,2,1864-06-12,1158,Summer,1864,5,None,US,No,FALSE,FALSE,FALSE,Major General,Major General,782,917.684646884587,5985.148454113967,10109.893750219544
VA100,Cockpit Point,VA,C,Indecisive,ME,ME61-06,Engagement,1862-01-03,1862-01-03,38.5586,-77.2642,1,1862-01-03,267.5,Winter,1862,1,None,US,Yes,FALSE,FALSE,FALSE,Brigadier General,Lieutenant,0,0,49.99999999999999,
VA101,Kernstown I,VA,B,Union,ME,ME62-03,Engagement,1862-03-23,1862-03-23,39.1431,-78.2058,1,1862-03-23,346.5,Spring,1862,1,None,Confederate,No,FALSE,FALSE,FALSE,Major General,Colonel,718,585.2028584991307,3942.085791238014,8751.064287258723
VA102,McDowell,VA,C,Confederate,ME,ME62-03,Engagement,1862-05-08,1862-05-08,38.3247,-79.4754,1,1862-05-08,392.5,Spring,1862,1,None,US,No,FALSE,FALSE,FALSE,Major General,Brigadier General,499.49924824517285,256.00000000000006,5442.133672837472,5117.857159391211
VA103,Front Royal,VA,C,Confederate,ME,ME62-03,Action,1862-05-23,1862-05-23,38.936,-78.1923,1,1862-05-23,407.5,Spring,1862,1,Union,Confederate,No,FALSE,FALSE,FALSE,Major General,Colonel,50.04915413527946,906.3261114820608,5241.482788417788,989.9985196912261
VA104,Winchester I,VA,A,Confederate,ME,ME62-03,Battle,1862-05-25,1862-05-25,39.1773,-78.1744,1,1862-05-25,409.5,Spring,1862,1,None,Confederate,No,FALSE,FALSE,FALSE,Major General,Major General,400,1647.569111496236,16443.699894815454,7467.717839742416
VA105,Cross Keys,VA,B,Confederate,ME,ME62-03,Battle,1862-06-08,1862-06-08,38.3579,-78.8438,1,1862-06-08,423.5,Summer,1862,1,None,US,No,FALSE,FALSE,FALSE,Major General,Major General,328.4836010504787,694.7911067945298,6658.588862622269,12375.229380921115
VA106,Port Republic,VA,B,Confederate,ME,ME62-03,Engagement,1862-06-09,1862-06-09,38.3002,-78.7933,1,1862-06-09,424.5,Summer,1862,1,None,Confederate,No,FALSE,FALSE,FALSE,Major General,Brigadier General,695.5733257043019,1011.218759153864,8535.979686945384,4089.480703469437
VA107,Winchester II,VA,B,Confederate,ME,ME63-04,Engagement,1863-06-13,1863-06-15,39.1847,-78.1671,3,1863-06-14,794.5,Summer,1863,3,Union,Confederate,No,FALSE,FALSE,FALSE,Lieutenant General,Brigadier General,269,4231.580913647886,10366.81852358878,6979.539035171168
VA108,Manassas Gap,VA,D,Indecisive,ME,ME63-04,Action,1863-07-23,1863-07-23,38.914,-78.114,1,1863-07-23,833.5,Summer,1863,4,None,US,No,FALSE,FALSE,FALSE,Major General,Major General,,103.00000000000001,,28967.999999999993
VA109,Cove Mountain,VA,D,Indecisive,ME,ME64-04,Engagement,1864-05-10,1864-05-10,37.043,-81.122,1,1864-05-10,1125.5,Spring,1864,5,None,Confederate,No,FALSE,FALSE,FALSE,Brigadier General,Brigadier General,,,3999.9999999999995,2499.9999999999995
VA110,New Market,VA,B,Confederate,ME,ME64-07,Engagement,1864-05-15,1864-05-15,38.6552,-78.6783,1,1864-05-15,1130.5,Spring,1864,5,None,Confederate,No,FALSE,FALSE,FALSE,Major General,Major General,536.0601546196705,849.0375778661089,4395.028316440122,6348.0941636916
VA111,Piedmont,VA,B,Union,ME,ME64-07,Engagement,1864-06-05,1864-06-05,38.2142,-78.8994,1,1864-06-05,1151.5,Summer,1864,5,None,US,No,FALSE,FALSE,FALSE,Brigadier General,Major General,1548.6832980505142,858.7743759392542,5014.98747788886,10874.264768199542
VA113,Staunton River Bridge,VA,C,Confederate,ME,ME64-09,Engagement,1864-06-25,1864-06-25,36.8857,-78.7044,1,1864-06-25,1171.5,Summer,1864,5,None,US,No,FALSE,FALSE,FALSE,Major General,Brigadier General,,,4099.999999999999,6648.157639526913
VA114,Cool Spring,VA,C,Confederate,ME,ME64-08,Engagement,1864-07-17,1864-07-18,39.1457,-77.865,2,1864-07-18,1194,Summer,1864,5,None,US,No,FALSE,FALSE,FALSE,Lieutenant General,Major General,396.9999999999999,421.9999999999999,8e3,5000.000000000004
VA115,Rutherford's Farm,VA,D,Union,ME,ME64-08,Engagement,1864-07-20,1864-07-20,39.2193,-78.1333,1,1864-07-20,1196.5,Summer,1864,5,None,US,No,FALSE,FALSE,FALSE,Major General,Brigadier General,499.99999999999983,244.60121813442265,3300,2350.0000000000005
VA116,Kernstown II,VA,B,Confederate,ME,ME64-08,Battle,1864-07-24,1864-07-24,39.1395,-78.1953,1,1864-07-24,1200.5,Summer,1864,5,None,Confederate,No,FALSE,FALSE,FALSE,Lieutenant General,Brigadier General,599.9999999999999,1199.715367227965,13243.095873775765,10739.151479663407
VA117,Guard Hill,VA,C,Indecisive,ME,ME64-10,Engagement,1864-08-16,1864-08-16,38.9531,-78.2001,1,1864-08-16,1223.5,Summer,1864,5,None,US,No,FALSE,FALSE,FALSE,Lieutenant General,Brigadier General,480,71,,
VA118,Berryville,VA,C,Indecisive,ME,ME64-10,Engagement,1864-09-03,1864-09-04,39.1621,-77.9976,2,1864-09-04,1242,Autumn,1864,6,None,Confederate,No,FALSE,FALSE,FALSE,Lieutenant General,Major General,195,312,,12853.999999999996
VA119,Opequon,VA,A,Union,ME,ME64-10,Battle,1864-09-19,1864-09-19,39.1956,-78.1325,1,1864-09-19,1257.5,Autumn,1864,6,None,US,No,FALSE,FALSE,FALSE,Lieutenant General,Major General,3759.76517468991,5000.961323935515,15852.555458431638,41563.50017432052
VA120,Fisher's Hill,VA,B,Union,ME,ME64-10,Battle,1864-09-21,1864-09-22,38.9838,-78.3959,2,1864-09-22,1260,Autumn,1864,6,None,US,No,FALSE,FALSE,FALSE,Lieutenant General,Major General,1268.8363079026672,528.0000000000001,9100.498883427912,34725.104322771156
VA121,Tom's Brook,VA,C,Union,ME,ME64-10,Engagement,1864-10-09,1864-10-09,38.9429,-78.4458,1,1864-10-09,1277.5,Autumn,1864,6,None,US,No,FALSE,FALSE,FALSE,Major General,Brigadier General,349.9999999999999,68.85351676253835,3499.9999999999995,7596.528381097668
VA122,Cedar Creek,VA,A,Union,ME,ME64-10,Battle,1864-10-19,1864-10-19,39.0208,-78.3038,1,1864-10-19,1287.5,Autumn,1864,6,None,Confederate,No,FALSE,FALSE,FALSE,Lieutenant General,Major General,2938.4193914438183,5721.756364220529,17679.190665179533,34240.78323790295
VA123,Waynesboro,VA,B,Union,ME,ME65-03,Engagement,1865-03-02,1865-03-02,38.0656,-78.8962,1,1865-03-02,1421.5,Spring,1865,6,None,US,No,FALSE,FALSE,FALSE,Lieutenant General,Major General,1599.9999999999998,30.000000000000004,1599.9999999999998,6526.101439603894
VA124,Namozine Church,VA,D,Indecisive,ME,ME65-04,Action,1865-04-03,1865-04-03,37.2489,-77.7256,1,1865-04-03,1453.5,Spring,1865,6,None,US,No,FALSE,FALSE,FALSE,Major General,Major General,,85.42097962226397,699.9999999999998,2569.0465157330254
VA125,Walkerton,VA,C,Confederate,ME,ME64-02,Skirmish,1864-03-02,1864-03-02,37.7092,-76.9247,1,1864-03-02,1056.5,Spring,1864,4,None,US,No,FALSE,FALSE,FALSE,Major General,Brigadier General,0,100.00000000000004,,1549.1933384829667
WV001,Philippi,WV,D,Union,ME,ME61-02,Action,1861-06-03,1861-06-03,39.1532,-80.0428,1,1861-06-03,53.5,Summer,1861,1,None,US,No,FALSE,FALSE,FALSE,Colonel,Colonel,6,4.999999999999999,799.9999999999999,4542.466290463802
WV002,Hoke's Run,WV,D,Union,ME,ME61-03,Engagement,1861-07-02,1861-07-02,39.545,-77.9063,1,1861-07-02,82.5,Summer,1861,1,None,US,No,FALSE,FALSE,FALSE,Brigadier General,Major General,24.999999999999996,49.673472234299865,,3238.0000000000014
WV003,Rich Mountain,WV,B,Union,ME,ME61-02,Engagement,1861-07-11,1861-07-11,38.8661,-79.9339,1,1861-07-11,91.5,Summer,1861,1,None,US,No,FALSE,FALSE,FALSE,Brigadier General,Major General,177.65112831445728,72.98617364964403,2624.8809496813365,5422.176684690379
WV004,Kessler's Cross Lanes,WV,D,Confederate,ME,ME61-02,Action,1861-08-26,1861-08-26,38.235,-80.935,1,1861-08-26,137.5,Summer,1861,1,None,Confederate,No,FALSE,FALSE,FALSE,Brigadier General,Colonel,40,244.99999999999991,,
WV005,Cheat Mountain,WV,B,Union,ME,ME61-02,Engagement,1861-09-12,1861-09-15,38.6214,-79.8806,4,1861-09-14,156,Autumn,1861,1,None,Confederate,No,FALSE,FALSE,FALSE,General,Brigadier General,100.00000000000004,71,,
WV006,Carnifex Ferry,WV,B,Union,ME,ME61-02,Engagement,1861-09-10,1861-09-10,38.2089,-80.9386,1,1861-09-10,152.5,Autumn,1861,1,None,US,No,FALSE,FALSE,FALSE,Brigadier General,Brigadier General,32,158.00000000000003,,4278.000000000002
WV007,Greenbrier River,WV,D,Indecisive,ME,ME61-02,Engagement,1861-10-03,1861-10-03,38.5342,-79.7678,1,1861-10-03,175.5,Autumn,1861,1,None,US,No,FALSE,FALSE,FALSE,Brigadier General,Brigadier General,52,43,,4915.999999999999
WV008,Camp Allegheny,WV,C,Indecisive,ME,ME61-02,Engagement,1861-12-13,1861-12-13,38.4739,-79.7244,1,1861-12-13,246.5,Winter,1861,1,None,US,No,FALSE,FALSE,FALSE,Colonel,Brigadier General,143.99999999999997,136.99999999999997,1200,1999.9999999999998
WV010,Harpers Ferry,WV,B,Confederate,ME,ME62-06,Siege,1862-09-12,1862-09-15,39.3228,-77.7302,4,1862-09-14,521,Autumn,1862,2,Union,Confederate,No,FALSE,FALSE,FALSE,Major General,Colonel,286.00000000000006,12497.234678899662,30000.000000000007,12497.234678899662
WV012,Droop Mountain,WV,C,Union,ME,ME63-06,Engagement,1863-11-06,1863-11-06,38.1128,-80.274,1,1863-11-06,939.5,Autumn,1863,4,None,US,No,FALSE,FALSE,FALSE,Brigadier General,Brigadier General,275.0000000000001,119.00000000000003,,3446.0000000000005
WV013,Moorefield,WV,C,Union,ME,ME64-08,Engagement,1864-08-07,1864-08-07,39.0941,-78.9645,1,1864-08-07,1214.5,Summer,1864,5,None,US,No,FALSE,FALSE,FALSE,Brigadier General,Brigadier General,499.99999999999983,31,,3599.999999999998
WV014,Summit Point,WV,D,Indecisive,ME,ME64-10,Engagement,1864-08-21,1864-08-21,39.2499,-77.9586,1,1864-08-21,1228.5,Summer,1864,5,None,Confederate,No,FALSE,FALSE,FALSE,Lieutenant General,Major General,399.9999999999999,600,,7119.999999999995
WV015,Smithfield Crossing,WV,D,Indecisive,ME,ME64-10,Engagement,1864-08-25,1864-08-29,39.308,-77.9824,5,1864-08-27,1234.5,Summer,1864,5,None,Confederate,No,FALSE,FALSE,FALSE,Lieutenant General,Brigadier General,199.99999999999991,233.89666344204153,,5035.999999999996
WV016,Shepherdstown,WV,C,Confederate,ME,ME62-06,Action,1862-09-19,1862-09-20,39.4279,-77.7786,2,1862-09-20,527,Autumn,1862,3,None,US,No,FALSE,FALSE,FALSE,Major General,Major General,280.63521177185373,363,,21830
MO010,Mount Zion Church,MO,D,Union,TM,TM61-03,Action,1861-12-28,1861-12-28,39.0692,-92.1792,1,1861-12-28,261.5,Winter,1861,1,None,US,No,FALSE,FALSE,FALSE,Colonel,Brigadier General,209.99999999999994,70.64118380260007,600,701.9971509913696
MO012,New Madrid/Island No. 10,MO,A,Union,MW,MW62-03,Operation,1862-02-28,1862-04-08,36.4588,-89.4708,40,1862-03-20,343,Spring,1862,1,Confederate,US,Partial,TRUE,FALSE,FALSE,Brigadier General,Brigadier General,,50.90608806309263,10526.00000000001,22928.00000000001
MO022,Glasgow,MO,C,Confederate,TM,TM64-05,Action,1864-10-15,1864-10-15,39.226,-92.846,1,1864-10-15,1283.5,Autumn,1864,6,Union,Confederate,No,FALSE,FALSE,FALSE,Brigadier General,Colonel,49.99999999999999,531.9999999999999,4317.999999999996,1507.3154945133426
WV009,Princeton Court House,WV,C,Confederate,ME,ME62-03,Action,1862-05-15,1862-05-17,37.3657,-81.1017,3,1862-05-16,400.5,Spring,1862,1,None,Confederate,No,FALSE,FALSE,FALSE,Brigadier General,Brigadier General,16,113.00000000000001,3277.999999999998,2277.9999999999995
